orderId,shouldCurId,movieName,rateValue(x/10),ratePersonCount(评价人数),description,boxOffice(票房，万美元)
1,1652587,阿凡达 Avatar,8.8,1460416,"导演: 詹姆斯·卡梅隆
主演: 萨姆·沃辛顿 / 佐伊·索尔达娜 / 西格妮·韦弗
类型: 动作 / 科幻 / 冒险
制片国家/地区: 美国
年份: 2009",29237
2,26100958,复仇者联盟4：终局之战 Avengers: Endgame,8.5,1088382,"导演: 安东尼·罗素 / 乔·罗素
主演: 小罗伯特·唐尼 / 克里斯·埃文斯 / 马克·鲁弗洛
类型: 剧情 / 动作 / 科幻 / 奇幻 / 冒险
制片国家/地区: 美国
年份: 2019",27975
3,4811774,阿凡达：水之道 Avatar: The Way of Water,7.8,585140,"导演: 詹姆斯·卡梅隆
主演: 萨姆·沃辛顿 / 佐伊·索尔达娜 / 西格妮·韦弗
类型: 动作 / 科幻 / 冒险
制片国家/地区: 美国
年份: 2022",23202
4,1292722,泰坦尼克号 Titanic,9.5,2261501,"导演: 詹姆斯·卡梅隆
主演: 莱昂纳多·迪卡普里奥 / 凯特·温丝莱特 / 比利·赞恩
类型: 剧情 / 爱情 / 灾难
制片国家/地区: 美国/墨西哥
年份: 1997",22613
5,20326665,星球大战7：原力觉醒 Star Wars: The Force Awakens,7.2,219854,"导演: J·J·艾布拉姆斯
主演: 哈里森·福特 / 马克·哈米尔 / 凯丽·费雪
类型: 动作 / 科幻 / 冒险
制片国家/地区: 美国
年份: 2015",20695
6,24773958,复仇者联盟3：无限战争 Avengers: Infinity War,8.1,787437,"导演: 安东尼·罗素 / 乔·罗素
主演: 小罗伯特·唐尼 / 克里斯·海姆斯沃斯 / 克里斯·埃文斯
类型: 动作 / 科幻 / 奇幻 / 冒险
制片国家/地区: 美国
年份: 2018",20524
7,26933210,蜘蛛侠：英雄无归 Spider-Man: No Way Home,6.6,345263,"导演: 乔·沃茨
主演: 汤姆·赫兰德 / 赞达亚 / 本尼迪克特·康伯巴奇
类型: 动作 / 科幻 / 奇幻 / 冒险
制片国家/地区: 美国
年份: 2021",19218
8,10440138,侏罗纪世界 Jurassic World,7.8,435507,"导演: 科林·特莱沃若
主演: 克里斯·帕拉特 / 布莱丝·达拉斯·霍华德 / 文森特·多诺费奥
类型: 动作 / 科幻 / 冒险
制片国家/地区: 美国
年份: 2015",1671.7
9,26884354,狮子王 The Lion King,7.2,362469,"导演: 乔恩·费儒
主演: 唐纳德·格洛弗 / 阿尔法·伍达德 / 詹姆斯·厄尔·琼斯
类型: 剧情 / 动画 / 冒险
制片国家/地区: 美国
年份: 2019",16632
10,1866479,复仇者联盟 The Avengers,8.3,666032,"导演: 乔斯·韦登
主演: 小罗伯特·唐尼 / 克里斯·埃文斯 / 斯嘉丽·约翰逊
类型: 动作 / 科幻 / 奇幻 / 冒险
制片国家/地区: 美国
年份: 2012",1518.8
11,23761370,速度与激情7 Furious 7,8.4,483546,"导演: 温子仁
主演: 范·迪塞尔 / 保罗·沃克 / 杰森·斯坦森
类型: 动作 / 犯罪
制片国家/地区: 美国/中国大陆/日本
年份: 2015",15153
12,6893932,壮志凌云2：独行侠 Top Gun: Maverick,8,170525,"导演: 约瑟夫·科辛斯基
主演: 汤姆·克鲁斯 / 詹妮弗·康纳利 / 迈尔斯·特勒
类型: 动作
制片国家/地区: 美国/中国大陆
年份: 2022",14934
13,25887288,冰雪奇缘2 Frozen II,7,392244,"导演: 克里斯·巴克 / 珍妮弗·李
主演: 克里斯汀·贝尔 / 伊迪娜·门泽尔 / 乔什·加德
类型: 喜剧 / 动画 / 冒险 / 歌舞
制片国家/地区: 美国
年份: 2019",14500
14,4058939,芭比 Barbie,8,631766,"导演: 格蕾塔·葛韦格
主演: 玛格特·罗比 / 瑞恩·高斯林 / 亚美莉卡·费雷拉
类型: 喜剧 / 奇幻 / 冒险
制片国家/地区: 美国/加拿大
年份: 2023",14418
15,10741834,复仇者联盟2：奥创纪元 Avengers: Age of Ultron,7.5,510774,"导演: 乔斯·韦登
主演: 小罗伯特·唐尼 / 克里斯·海姆斯沃斯 / 马克·鲁弗洛
类型: 动作 / 科幻 / 奇幻 / 冒险
制片国家/地区: 美国
年份: 2015",14028
16,4202982,冰雪奇缘 Frozen,8.5,725070,"导演: 克里斯·巴克 / 珍妮弗·李
主演: 克里斯汀·贝尔 / 伊迪娜·门泽尔 / 乔纳森·格罗夫
类型: 喜剧 / 动画 / 奇幻 / 歌舞
制片国家/地区: 美国
年份: 2013",13970
17,27199894,超级马力欧兄弟大电影 The Super Mario Bros. Movie,7.8,142628,"导演: 亚伦·霍瓦斯 / 迈克尔·杰勒尼克
主演: 克里斯·帕拉特 / 安雅·泰勒-乔伊 / 查理·戴
类型: 喜剧 / 爱情 / 科幻 / 动画 / 奇幻 / 冒险
制片国家/地区: 美国/日本
年份: 2023",13619
18,3011235,哈利·波特与死亡圣器(下) Harry Potter and the Deathly Hallows: Part 2,9,862678,"导演: 大卫·叶茨
主演: 丹尼尔·雷德克里夫 / 艾玛·沃森 / 鲁伯特·格林特
类型: 奇幻 / 冒险
制片国家/地区: 美国/英国
年份: 2011",13568
19,6390825,黑豹 Black Panther,6.5,454579,"导演: 瑞恩·库格勒
主演: 查德维克·博斯曼 / 露皮塔·尼永奥 / 迈克尔·B·乔丹
类型: 动作 / 科幻 / 冒险
制片国家/地区: 美国/南非
年份: 2018",13499
20,22265634,星球大战8：最后的绝地武士 Star Wars: The Last Jedi,7.1,154598,"导演: 莱恩·约翰逊
主演: 马克·哈米尔 / 凯丽·费雪 / 黛西·雷德利
类型: 动作 / 科幻 / 冒险
制片国家/地区: 美国
年份: 2017",1332.5
21,26416062,侏罗纪世界2 Jurassic World: Fallen Kingdom,6.6,382224,"导演: J·A·巴亚纳
主演: 克里斯·帕拉特 / 布莱丝·达拉斯·霍华德 / 贾斯蒂斯·史密斯
类型: 动作 / 科幻 / 冒险
制片国家/地区: 美国
年份: 2018",13104
22,25900945,美女与野兽 Beauty and the Beast,7.1,406082,"导演: 比尔·康顿
主演: 艾玛·沃森 / 丹·史蒂文斯 / 卢克·伊万斯
类型: 爱情 / 奇幻 / 歌舞
制片国家/地区: 美国
年份: 2017",12735
23,25849049,超人总动员2 Incredibles 2,7.8,269688,"导演: 布拉德·伯德
主演: 格雷格·T·尼尔森 / 霍利·亨特 / 莎拉·沃威尔
类型: 喜剧 / 动作 / 动画 / 冒险
制片国家/地区: 美国
年份: 2018",12430
24,26260853,速度与激情8 The Fate of the Furious,7,343585,"导演: F·加里·格雷
主演: 范·迪塞尔 / 杰森·斯坦森 / 道恩·强森
类型: 动作 / 犯罪
制片国家/地区: 中国大陆/美国/日本
年份: 2017",1236.0
25,3231742,钢铁侠3 Iron Man 3,7.9,431270,"导演: 沙恩·布莱克
主演: 小罗伯特·唐尼 / 盖·皮尔斯 / 格温妮斯·帕特洛
类型: 动作 / 科幻
制片国家/地区: 美国/中国大陆
年份: 2013",1214.8
26,11624706,小黄人大眼萌 Minions,7.8,305185,"导演: 凯尔·巴尔达 / 皮埃尔·柯芬
主演: 桑德拉·布洛克 / 乔恩·哈姆 / 迈克尔·基顿
类型: 喜剧 / 动画
制片国家/地区: 美国
年份: 2015",1159.4
27,25820460,美国队长3 Captain America: Civil War,7.9,465488,"导演: 安东尼·罗素 / 乔·罗素
主演: 克里斯·埃文斯 / 小罗伯特·唐尼 / 斯嘉丽·约翰逊
类型: 动作 / 科幻
制片国家/地区: 美国
年份: 2016",1153.3
28,3878007,海王 Aquaman,7.6,891884,"导演: 温子仁
主演: 杰森·莫玛 / 安珀·赫德 / 威廉·达福
类型: 动作 / 奇幻 / 冒险
制片国家/地区: 美国/澳大利亚
年份: 2018",1148.1
29,1291552,指环王3：王者无敌 The Lord of the Rings: The Return of the King,9.3,829245,"导演: 彼得·杰克逊
主演: 伊利亚·伍德 / 西恩·奥斯汀 / 维果·莫腾森
类型: 剧情 / 动作 / 奇幻 / 冒险
制片国家/地区: 美国/新西兰
年份: 2003",11422
30,26931786,蜘蛛侠：英雄远征 Spider-Man: Far from Home,7.6,602124,"导演: 乔·沃茨
主演: 汤姆·赫兰德 / 赞达亚 / 杰克·吉伦哈尔
类型: 动作 / 科幻 / 冒险
制片国家/地区: 美国
年份: 2019",11319
31,26213252,惊奇队长 Captain Marvel,6.8,508001,"导演: 安娜·波顿 / 瑞安·弗雷克
主演: 布丽·拉尔森 / 裘德·洛 / 塞缪尔·杰克逊
类型: 动作 / 科幻 / 冒险
制片国家/地区: 美国/澳大利亚
年份: 2019",1128.2
32,3610047,变形金刚3 Transformers: Dark of the Moon,7.3,353310,"导演: 迈克尔·贝
主演: 希亚·拉博夫 / 罗茜·汉丁顿-惠特莉 / 乔什·杜哈明
类型: 动作 / 科幻 / 冒险
制片国家/地区: 美国
年份: 2011",1123.8
33,1292523,侏罗纪公园 Jurassic Park,8.3,325650,"导演: 史蒂文·斯皮尔伯格
主演: 山姆·尼尔 / 劳拉·邓恩 / 杰夫·高布伦
类型: 科幻 / 惊悚 / 冒险
制片国家/地区: 美国
年份: 1993",11098
34,2363876,007：大破天幕杀机 Skyfall,7.2,257076,"导演: 萨姆·门德斯
主演: 丹尼尔·克雷格 / 朱迪·丹奇 / 哈维尔·巴登
类型: 动作 / 惊悚 / 冒险
制片国家/地区: 英国/美国/土耳其
年份: 2012",1108.6
35,7054604,变形金刚4：绝迹重生 Transformers: Age of Extinction,6.7,335356,"导演: 迈克尔·贝
主演: 马克·沃尔伯格 / 斯坦利·图齐 / 凯尔希·格兰莫
类型: 动作 / 科幻 / 冒险
制片国家/地区: 美国/中国大陆/中国香港
年份: 2014",1104.1
36,3395373,蝙蝠侠：黑暗骑士崛起 The Dark Knight Rises,8.9,745724,"导演: 克里斯托弗·诺兰
主演: 克里斯蒂安·贝尔 / 汤姆·哈迪 / 安妮·海瑟薇
类型: 剧情 / 动作 / 科幻 / 犯罪 / 惊悚
制片国家/地区: 美国/英国
年份: 2012",10810
37,27119724,小丑 Joker,8.7,1036954,"导演: 托德·菲利普斯
主演: 华金·菲尼克斯 / 罗伯特·德尼罗 / 马克·马龙
类型: 剧情 / 犯罪 / 惊悚
制片国家/地区: 美国/加拿大
年份: 2019",10744
38,22265687,星球大战9：天行者崛起 Star Wars: The Rise of Skywalker,6.2,103589,"导演: J·J·艾布拉姆斯
主演: 黛西·雷德利 / 亚当·德赖弗 / 奥斯卡·伊萨克
类型: 动作 / 科幻 / 冒险
制片国家/地区: 美国
年份: 2019",10741
39,6850547,玩具总动员4 Toy Story 4,8.5,343952,"导演: 乔什·库雷
主演: 汤姆·汉克斯 / 蒂姆·艾伦 / 安妮·波茨
类型: 喜剧 / 动画 / 奇幻
制片国家/地区: 美国
年份: 2019",10733
40,1858711,玩具总动员3 Toy Story 3,8.9,537010,"导演: 李·昂克里奇
主演: 汤姆·汉克斯 / 蒂姆·艾伦 / 琼·库萨克
类型: 喜剧 / 动画 / 奇幻 / 冒险
制片国家/地区: 美国
年份: 2010",1067.0
41,1315574,加勒比海盗2：亡灵的宝藏 Pirates of the Caribbean: Dead Man's Chest,8.4,433131,"导演: 戈尔·维宾斯基
主演: 约翰尼·德普 / 奥兰多·布鲁姆 / 凯拉·奈特莉
类型: 动作 / 冒险 / 奇幻
制片国家/地区: 美国
年份: 2006",1066.2
42,25894431,星球大战外传：侠盗一号 Rogue One: A Star Wars Story,7.3,180283,"导演: 加里斯·爱德华斯
主演: 菲丽希缇·琼斯 / 迭戈·卢纳 / 甄子丹
类型: 动作 / 科幻 / 冒险
制片国家/地区: 美国
年份: 2016",1056.1
43,26891256,阿拉丁 Aladdin,7.4,313134,"导演: 盖·里奇
主演: 梅纳·玛索德 / 娜奥米·斯科特 / 威尔·史密斯
类型: 爱情 / 奇幻 / 冒险 / 歌舞
制片国家/地区: 美国
年份: 2019",1050.6
44,3227410,加勒比海盗4：惊涛怪浪 Pirates of the Caribbean: On Stranger Tides,7.8,377176,"导演: 罗伯·马歇尔
主演: 约翰尼·德普 / 佩内洛普·克鲁兹 / 杰弗里·拉什
类型: 动作 / 奇幻 / 冒险
制片国家/地区: 美国
年份: 2011",1045.7
45,25812712,神偷奶爸3 Despicable Me 3,6.8,266570,"导演: 凯尔·巴尔达 / 皮埃尔·柯芬 / 埃里克·吉隆
主演: 史蒂夫·卡瑞尔 / 克里斯汀·韦格 / 崔·帕克
类型: 喜剧 / 动画 / 冒险
制片国家/地区: 美国
年份: 2017",1034.8
46,11524967,海底总动员2：多莉去哪儿 Finding Dory,7.7,132785,"导演: 安德鲁·斯坦顿 / 安格斯·麦克莱恩
主演: 艾伦·德杰尼勒斯 / 艾伯特·布鲁克斯 / 艾德·奥尼尔
类型: 喜剧 / 动画 / 冒险
制片国家/地区: 美国
年份: 2016",1028.6
47,1294362,星球大战前传1：幽灵的威胁 Star Wars: Episode I - The Phantom Menace,8.2,126747,"导演: 乔治·卢卡斯
主演: 连姆·尼森 / 伊万·麦克格雷格 / 娜塔莉·波特曼
类型: 动作 / 科幻 / 冒险
制片国家/地区: 美国
年份: 1999",1027.0
48,25662329,疯狂动物城 Zootopia,9.2,2013446,"导演: 拜伦·霍华德 / 瑞奇·摩尔 / 杰拉德·布什
主演: 金妮弗·古德温 / 杰森·贝特曼 / 伊德里斯·艾尔巴
类型: 喜剧 / 动画 / 冒险
制片国家/地区: 美国
年份: 2016",10255
49,2336785,爱丽丝梦游仙境 Alice in Wonderland,7.4,426479,"导演: 蒂姆·波顿
主演: 米娅·华希科沃斯卡 / 约翰尼·德普 / 海伦娜·伯翰·卡特
类型: 奇幻 / 冒险
制片国家/地区: 美国
年份: 2010",1025.5
50,1295038,哈利·波特与魔法石 Harry Potter and the Sorcerer's Stone,9.2,1240534,"导演: 克里斯·哥伦布
主演: 丹尼尔·雷德克里夫 / 艾玛·沃森 / 鲁伯特·格林特
类型: 奇幻 / 冒险
制片国家/地区: 美国/英国
年份: 2001",10222
51,1966182,霍比特人1：意外之旅 The Hobbit: An Unexpected Journey,8.5,418640,"导演: 彼得·杰克逊
主演: 伊恩·麦克莱恩 / 马丁·弗瑞曼 / 理查德·阿米蒂奇
类型: 动作 / 奇幻 / 冒险
制片国家/地区: 美国/新西兰
年份: 2012",10170
52,1851857,蝙蝠侠：黑暗骑士 The Dark Knight,9.2,1094726,"导演: 克里斯托弗·诺兰
主演: 克里斯蒂安·贝尔 / 希斯·莱杰 / 艾伦·艾克哈特
类型: 剧情 / 动作 / 科幻 / 犯罪 / 惊悚
制片国家/地区: 美国/英国
年份: 2008",1004.6
53,26873582,侏罗纪世界3 Jurassic World: Dominion,6,246090,"导演: 科林·特莱沃若
主演: 克里斯·帕拉特 / 布莱丝·达拉斯·霍华德 / 劳拉·邓恩
类型: 动作 / 科幻 / 冒险
制片国家/地区: 美国/马耳他
年份: 2022",10011
54,26586766,勇敢者游戏：决战丛林 Jumanji: Welcome to the Jungle,6.8,206787,"导演: 杰克·卡斯丹
主演: 道恩·强森 / 凯文·哈特 / 杰克·布莱克
类型: 喜剧 / 动作 / 奇幻 / 冒险
制片国家/地区: 美国/印度/加拿大/英国/澳大利亚/德国
年份: 2017",9953
55,2051007,哈利·波特与死亡圣器(上) Harry Potter and the Deathly Hallows: Part 1,8.5,602484,"导演: 大卫·叶茨
主演: 丹尼尔·雷德克里夫 / 艾玛·沃森 / 鲁伯特·格林特
类型: 奇幻 / 冒险
制片国家/地区: 英国/美国
年份: 2010",9770
56,4915857,神偷奶爸2 Despicable Me 2,8.1,442882,"导演: 皮埃尔·柯芬 / 克里斯·雷纳德
主演: 史蒂夫·卡瑞尔 / 克里斯汀·韦格 / 本杰明·布拉特
类型: 喜剧 / 动画 / 冒险
制片国家/地区: 美国/法国/日本
年份: 2013",970.8
57,1301753,狮子王 The Lion King,9.1,872684,"导演: 罗杰·阿勒斯 / 罗伯·明可夫
主演: 乔纳森·泰勒·托马斯 / 马修·布罗德里克 / 杰瑞米·艾恩斯
类型: 动画 / 冒险 / 歌舞
制片国家/地区: 美国
年份: 1994",9685
58,25777636,奇幻森林 The Jungle Book,7.8,265592,"导演: 乔恩·费儒
主演: 尼尔·塞西 / 比尔·默瑞 / 本·金斯利
类型: 剧情 / 奇幻 / 冒险
制片国家/地区: 英国/美国
年份: 2016",966.6
59,2973079,霍比特人3：五军之战 The Hobbit: The Battle of the Five Armies,8.6,390899,"导演: 彼得·杰克逊
主演: 马丁·弗瑞曼 / 伊恩·麦克莱恩 / 理查德·阿米蒂奇
类型: 动作 / 奇幻 / 冒险
制片国家/地区: 美国/新西兰
年份: 2014",9622
60,1418192,加勒比海盗3：世界的尽头 Pirates of the Caribbean: At World's End,8.4,405305,"导演: 戈尔·维宾斯基
主演: 约翰尼·德普 / 杰弗里·拉什 / 奥兰多·布鲁姆
类型: 动作 / 冒险 / 奇幻
制片国家/地区: 美国
年份: 2007",9609
61,11606328,霍比特人2：史矛革之战 The Hobbit: The Desolation of Smaug,8.5,372388,"导演: 彼得·杰克逊
主演: 伊恩·麦克莱恩 / 马丁·弗瑞曼 / 理查德·阿米蒂奇
类型: 动作 / 奇幻 / 冒险
制片国家/地区: 美国/新西兰
年份: 2013",9590
62,30304994,奇异博士2：疯狂多元宇宙 Doctor Strange in the Multiverse of Madness,6.3,253157,"导演: 山姆·雷米
主演: 本尼迪克特·康伯巴奇 / 伊丽莎白·奥尔森 / 切瓦特·埃加福
类型: 动作 / 科幻 / 奇幻 / 冒险 / 恐怖
制片国家/地区: 美国
年份: 2022",9557
63,35593344,奥本海默 Oppenheimer,8.8,657532,"导演: 克里斯托弗·诺兰
主演: 基里安·墨菲 / 艾米莉·布朗特 / 马特·达蒙
类型: 剧情 / 传记 / 历史
制片国家/地区: 美国/英国
年份: 2023",9520
64,1291572,指环王2：双塔奇兵 The Lord of the Rings: The Two Towers,9.2,778403,"导演: 彼得·杰克逊
主演: 伊利亚·伍德 / 西恩·奥斯汀 / 多米尼克·莫纳汉
类型: 剧情 / 动作 / 奇幻 / 冒险
制片国家/地区: 美国/新西兰
年份: 2002",9478
65,1291586,海底总动员 Finding Nemo,8.5,399193,"导演: 安德鲁·斯坦顿 / 李·昂克里奇
主演: 艾伯特·布鲁克斯 / 艾伦·德杰尼勒斯 / 亚历山大·古尔德
类型: 喜剧 / 动画 / 冒险
制片国家/地区: 美国/澳大利亚
年份: 2003",9416
66,26642033,小黄人大眼萌：神偷奶爸前传 Minions: The Rise of Gru,7.1,155030,"导演: 凯尔·巴尔达 / 布拉德·埃布尔森 / 乔纳森·德尔瓦尔
主演: 史蒂夫·卡瑞尔 / 皮埃尔·柯芬 / 艾伦·阿金
类型: 喜剧 / 科幻 / 犯罪 / 动画 / 冒险
制片国家/地区: 美国
年份: 2022",9402
67,1457217,哈利·波特与凤凰社 Harry Potter and the Order of the Phoenix,8.5,597545,"导演: 大卫·叶茨
主演: 丹尼尔·雷德克里夫 / 艾玛·沃森 / 鲁伯特·格林特
类型: 奇幻 / 冒险
制片国家/地区: 英国/美国
年份: 2007",9392
68,1433330,哈利·波特与混血王子 Harry Potter and the Half-Blood Prince,8.3,560403,"导演: 大卫·叶茨
主演: 丹尼尔·雷德克里夫 / 艾玛·沃森 / 鲁伯特·格林特
类型: 奇幻 / 冒险
制片国家/地区: 英国/美国
年份: 2009",934.4
69,1291582,怪物史瑞克2 Shrek 2,7.7,108267,"导演: Andrew Adamson
主演: 麦克·梅尔斯 / 艾迪·墨菲 / 卡梅隆·迪亚兹
类型: 动画 / 冒险 / 喜剧 / 家庭 / 奇幻
制片国家/地区: 美国
年份: 2004",9287
70,1296996,哈利·波特与密室 Harry Potter and the Chamber of Secrets,8.9,792106,"导演: 克里斯·哥伦布
主演: 丹尼尔·雷德克里夫 / 艾玛·沃森 / 鲁伯特·格林特
类型: 奇幻 / 冒险
制片国家/地区: 英国/美国
年份: 2002",9250
71,5300054,波西米亚狂想曲 Bohemian Rhapsody,8.6,625884,"导演: 布莱恩·辛格
主演: 拉米·马雷克 / 本·哈迪 / 约瑟夫·梅泽罗
类型: 剧情 / 传记 / 同性 / 音乐
制片国家/地区: 英国/美国
年份: 2018",9108
72,25845392,长津湖,7.4,766755,"导演: 陈凯歌 / 徐克 / 林超贤
主演: 吴京 / 易烊千玺 / 段奕宏
类型: 剧情 / 历史 / 战争
制片国家/地区: 中国大陆/中国香港
年份: 2021",9024
73,1309055,哈利·波特与火焰杯 Harry Potter and the Goblet of Fire,8.8,691429,"导演: 迈克·内威尔
主演: 丹尼尔·雷德克里夫 / 艾玛·沃森 / 鲁伯特·格林特
类型: 悬疑 / 奇幻 / 冒险
制片国家/地区: 英国/美国
年份: 2005",896.9
74,1418189,蜘蛛侠3 Spider-Man 3,7.7,263051,"导演: 山姆·雷米
主演: 托比·马奎尔 / 克斯汀·邓斯特 / 詹姆斯·弗兰科
类型: 动作 / 科幻 / 冒险
制片国家/地区: 美国
年份: 2007",8949
75,21817627,爱宠大机密 The Secret Life of Pets,7.8,301269,"导演: 克里斯·雷纳德 / 亚罗·切尼
主演: 路易·C·K / 艾瑞克·斯通斯崔特 / 凯文·哈特
类型: 喜剧 / 动画
制片国家/地区: 美国
年份: 2016",8943
76,2357162,冰川时代3 Ice Age: Dawn of the Dinosaurs,8.3,242563,"导演: 卡洛斯·沙尔丹哈 / 麦克·特米尔
主演: Eunice Cho / 麦丽·弗拉纳甘 / 杰森·弗里基奥内
类型: 喜剧 / 动画 / 冒险
制片国家/地区: 美国
年份: 2009",886.7
77,1291571,指环王1：护戒使者 The Lord of the Rings: The Fellowship of the Ring,9.1,874150,"导演: 彼得·杰克逊
主演: 伊利亚·伍德 / 西恩·奥斯汀 / 伊恩·麦克莱恩
类型: 剧情 / 动作 / 奇幻 / 冒险
制片国家/地区: 新西兰/美国
年份: 2001",8834
78,11620560,007：幽灵党 Spectre,6.5,196372,"导演: 萨姆·门德斯
主演: 丹尼尔·克雷格 / 克里斯托弗·瓦尔兹 / 蕾雅·赛杜
类型: 动作 / 惊悚 / 冒险
制片国家/地区: 英国/美国
年份: 2015",880.7
79,24753477,蜘蛛侠：英雄归来 Spider-Man: Homecoming,7.3,437447,"导演: 乔·沃茨
主演: 汤姆·赫兰德 / 小罗伯特·唐尼 / 玛丽莎·托梅
类型: 动作 / 科幻 / 冒险
制片国家/地区: 美国
年份: 2017",880.2
80,4914468,冰川时代4 Ice Age: Continental Drift,8.1,229692,"导演: 麦克·特米尔 / 史蒂夫·马蒂诺
主演: 阿兹·安萨里 / 乔·贝哈 / 克里斯托弗·坎贝尔
类型: 喜剧 / 动画 / 冒险
制片国家/地区: 美国
年份: 2012",877.2
81,24750534,蝙蝠侠大战超人：正义黎明 Batman v Superman: Dawn of Justice,7,296937,"导演: 扎克·施奈德
主演: 本·阿弗莱克 / 亨利·卡维尔 / 艾米·亚当斯
类型: 动作 / 科幻 / 奇幻 / 冒险
制片国家/地区: 美国
年份: 2016",873.6
82,26363254,战狼2,7.1,915493,"导演: 吴京
主演: 吴京 / 弗兰克·格里罗 / 吴刚
类型: 动作 / 战争
制片国家/地区: 中国大陆
年份: 2017",870.3
83,1309078,星球大战前传3：西斯的反击 Star Wars: Episode III - Revenge of the Sith,8.5,109824,"导演: 乔治·卢卡斯
主演: 伊万·麦克格雷格 / 娜塔莉·波特曼 / 海登·克里斯滕森
类型: 动作 / 科幻 / 奇幻 / 冒险
制片国家/地区: 美国
年份: 2005",8683
84,6874456,饥饿游戏2：星火燎原 The Hunger Games: Catching Fire,7.4,271152,"导演: 弗朗西斯·劳伦斯
主演: 詹妮弗·劳伦斯 / 乔什·哈切森 / 利亚姆·海姆斯沃斯
类型: 动作 / 科幻 / 冒险
制片国家/地区: 美国
年份: 2013",865.0
85,25937854,银河护卫队2 Guardians of the Galaxy Vol. 2,8,479278,"导演: 詹姆斯·古恩
主演: 克里斯·帕拉特 / 佐伊·索尔达娜 / 戴夫·巴蒂斯塔
类型: 动作 / 科幻 / 冒险
制片国家/地区: 美国
年份: 2017",863.8
86,30167997,黑豹2 Black Panther: Wakanda Forever,5.4,134478,"导演: 瑞恩·库格勒
主演: 利蒂希娅·赖特 / 露皮塔·尼永奥 / 丹娜·奎里拉
类型: 剧情 / 动作 / 科幻 / 奇幻 / 惊悚 / 冒险
制片国家/地区: 美国
年份: 2022",8592
87,10533913,头脑特工队 Inside Out,8.8,640666,"导演: 彼特·道格特 / 罗纳尔多·德尔·卡门
主演: 艾米·波勒 / 菲利丝·史密斯 / 理查德·坎德
类型: 喜剧 / 动画 / 冒险
制片国家/地区: 美国
年份: 2015",857.6
88,3168101,毒液：致命守护者 Venom,7.2,838157,"导演: 鲁本·弗雷斯彻
主演: 汤姆·哈迪 / 米歇尔·威廉姆斯 / 里兹·阿迈德
类型: 动作 / 科幻 / 惊悚
制片国家/地区: 美国/中国大陆
年份: 2018",856.1
89,25821634,雷神3：诸神黄昏 Thor: Ragnarok,7.4,417011,"导演: 塔伊加·维迪提
主演: 克里斯·海姆斯沃斯 / 汤姆·希德勒斯顿 / 凯特·布兰切特
类型: 动作 / 奇幻 / 冒险
制片国家/地区: 美国
年份: 2017",854.0
90,4889554,暮光之城4：破晓(下) The Twilight Saga: Breaking Dawn - Part 2,7.3,186446,"导演: 比尔·康顿
主演: 克里斯汀·斯图尔特 / 罗伯特·帕丁森 / 泰勒·洛特纳
类型: 剧情 / 爱情 / 惊悚 / 奇幻 / 冒险
制片国家/地区: 美国
年份: 2012",8488
91,26258779,银河护卫队3 Guardians of the Galaxy Vol. 3,8.3,503137,"导演: 詹姆斯·古恩
主演: 克里斯·帕拉特 / 佐伊·索尔达娜 / 戴夫·巴蒂斯塔
类型: 喜剧 / 动作 / 科幻 / 惊悚 / 冒险
制片国家/地区: 美国
年份: 2023",8455
92,3541415,盗梦空间 Inception,9.4,2128240,"导演: 克里斯托弗·诺兰
主演: 莱昂纳多·迪卡普里奥 / 约瑟夫·高登-莱维特 / 艾利奥特·佩吉
类型: 剧情 / 科幻 / 悬疑 / 冒险
制片国家/地区: 美国/英国
年份: 2010",8371
93,2146991,变形金刚2 Transformers: Revenge of the Fallen,7.8,378617,"导演: 迈克尔·贝
主演: 希亚·拉博夫 / 梅根·福克斯 / 乔什·杜哈明
类型: 动作 / 科幻 / 冒险
制片国家/地区: 美国
年份: 2009",836.3
94,1306612,蜘蛛侠 Spider-Man,8,387548,"导演: 山姆·雷米
主演: 托比·马奎尔 / 威廉·达福 / 克斯汀·邓斯特
类型: 动作 / 科幻 / 冒险
制片国家/地区: 美国
年份: 2002",8250
95,1578714,神奇女侠 Wonder Woman,7.1,472902,"导演: 派蒂·杰金斯
主演: 盖尔·加朵 / 克里斯·派恩 / 康妮·尼尔森
类型: 动作 / 奇幻 / 冒险
制片国家/地区: 美国/中国大陆/中国香港
年份: 2017",822.8
96,34841067,你好，李焕英,7.7,1450832,"导演: 贾玲
主演: 贾玲 / 张小斐 / 沈腾
类型: 剧情 / 喜剧 / 奇幻
制片国家/地区: 中国大陆
年份: 2021",822.0
97,1293013,独立日 Independence Day,8.1,295397,"导演: 罗兰·艾默里奇
主演: 威尔·史密斯 / 杰夫·高布伦 / 比尔·普尔曼
类型: 动作 / 科幻 / 冒险 / 灾难
制片国家/地区: 美国
年份: 1996",817.4
98,20495023,寻梦环游记 Coco,9.1,1748274,"导演: 李·昂克里奇 / 阿德里安·莫利纳
主演: 安东尼·冈萨雷斯 / 盖尔·加西亚·贝纳尔 / 本杰明·布拉特
类型: 喜剧 / 动画 / 奇幻 / 音乐
制片国家/地区: 美国
年份: 2017",8143
99,25726614,神奇动物在哪里 Fantastic Beasts and Where to Find Them,7.7,631389,"导演: 大卫·叶茨
主演: 埃迪·雷德梅恩 / 凯瑟琳·沃特斯顿 / 丹·福勒
类型: 剧情 / 奇幻 / 冒险
制片国家/地区: 英国/美国
年份: 2016",814.0
100,1433673,怪物史瑞克3 Shrek the Third,7.4,72374,"导演: 克里斯·米勒 / 许诚毅
主演: 麦克·梅尔斯 / 艾迪·墨菲 / 卡梅隆·迪亚兹
类型: 动画 / 冒险 / 喜剧 / 家庭 / 奇幻
制片国家/地区: 美国
年份: 2007",8133
101,30128985,勇敢者游戏2：再战巅峰 Jumanji: The Next Level,5.9,115636,"导演: 杰克·卡斯丹
主演: 道恩·强森 / 凯伦·吉兰 / 杰克·布莱克
类型: 喜剧 / 动作 / 奇幻 / 冒险
制片国家/地区: 美国
年份: 2019",8016
102,1291544,哈利·波特与阿兹卡班的囚徒 Harry Potter and the Prisoner of Azkaban,8.9,764949,"导演: 阿方索·卡隆
主演: 丹尼尔·雷德克里夫 / 艾玛·沃森 / 鲁伯特·格林特
类型: 奇幻 / 冒险
制片国家/地区: 英国/美国
年份: 2004",796.7
103,6311303,加勒比海盗5：死无对证 Pirates of the Caribbean: Dead Men Tell No Tales,7.2,374303,"导演: 艾斯彭·山德伯格 / 乔阿吉姆·罗恩尼
主演: 约翰尼·德普 / 布伦顿·思韦茨 / 卡雅·斯考达里奥
类型: 动作 / 奇幻 / 冒险
制片国家/地区: 美国
年份: 2017",794.9
104,1294638,E.T.外星人 E.T. the Extra-Terrestrial,8.6,334804,"导演: 史蒂文·斯皮尔伯格
主演: 亨利·托马斯 / 迪·沃伦斯 / 罗伯特·麦克纳夫顿
类型: 剧情 / 科幻
制片国家/地区: 美国
年份: 1982",7934
105,26336252,碟中谍6：全面瓦解 Mission: Impossible - Fallout,8.1,512261,"导演: 克里斯托弗·麦奎里
主演: 汤姆·克鲁斯 / 亨利·卡维尔 / 文·瑞姆斯
类型: 动作 / 惊悚 / 冒险
制片国家/地区: 美国/中国大陆/法国/挪威/英国
年份: 2018",791.6
106,3005875,2012,8,578995,"导演: 罗兰·艾默里奇
主演: 约翰·库萨克 / 阿曼达·皮特 / 切瓦特·埃加福
类型: 科幻 / 灾难
制片国家/地区: 美国/加拿大
年份: 2009",7912
107,1428051,夺宝奇兵4 Indiana Jones and the Kingdom of the Crystal Skull,7.3,65651,"导演: 史蒂文·斯皮尔伯格
主演: 哈里森·福特 / 希亚·拉博夫 / 凯特·布兰切特
类型: 动作 / 冒险 / 惊悚
制片国家/地区: 美国
年份: 2008",7906
108,1308570,蜘蛛侠2 Spider-Man 2,7.8,289852,"导演: 山姆·雷米
主演: 托比·马奎尔 / 克斯汀·邓斯特 / 詹姆斯·弗兰科
类型: 动作 / 科幻 / 冒险
制片国家/地区: 美国
年份: 2004",7889
109,6537500,速度与激情6 Furious 6,7.9,272592,"导演: 林诣彬
主演: 范·迪塞尔 / 保罗·沃克 / 道恩·强森
类型: 动作 / 犯罪
制片国家/地区: 美国
年份: 2013",788.7
110,26588308,死侍2：我爱我家 Deadpool 2,7.3,443175,"导演: 大卫·雷奇
主演: 瑞安·雷诺兹 / 乔什·布洛林 / 朱利安·迪尼森
类型: 喜剧 / 动作 / 科幻 / 冒险
制片国家/地区: 美国
年份: 2018",785.0
111,3718279,死侍 Deadpool,7.9,476102,"导演: 蒂姆·米勒
主演: 瑞安·雷诺兹 / 莫蕾娜·巴卡琳 / 艾德·斯克林
类型: 喜剧 / 动作 / 科幻 / 冒险
制片国家/地区: 美国/加拿大
年份: 2016",7826
112,1293838,星球大战 Star Wars,8.5,144370,"导演: 乔治·卢卡斯
主演: 哈里森·福特 / 马克·哈米尔 / 凯丽·费雪
类型: 动作 / 科幻 / 冒险
制片国家/地区: 美国
年份: 1977",775.4
113,20276229,007：无暇赴死 No Time to Die,6.6,291049,"导演: 凯瑞·福永
主演: 丹尼尔·克雷格 / 蕾雅·赛杜 / 拉米·马雷克
类型: 动作 / 惊悚 / 冒险
制片国家/地区: 英国/美国
年份: 2021",7740
114,7065154,银河护卫队 Guardians of the Galaxy,8.1,536183,"导演: 詹姆斯·古恩
主演: 克里斯·帕拉特 / 佐伊·索尔达娜 / 戴夫·巴蒂斯塔
类型: 动作 / 科幻 / 冒险
制片国家/地区: 美国
年份: 2014",773.3
115,6424756,新蝙蝠侠 The Batman,7.2,313748,"导演: 马特·里夫斯
主演: 罗伯特·帕丁森 / 佐伊·克罗维兹 / 保罗·达诺
类型: 剧情 / 动作 / 犯罪 / 悬疑
制片国家/地区: 美国
年份: 2022",7708
116,34477861,雷神4：爱与雷霆 Thor: Love and Thunder,5.4,151050,"导演: 塔伊加·维迪提
主演: 克里斯·海姆斯沃斯 / 娜塔莉·波特曼 / 克里斯蒂安·贝尔
类型: 喜剧 / 动作 / 爱情 / 科幻 / 奇幻 / 冒险
制片国家/地区: 澳大利亚/美国
年份: 2022",760.9
117,27163278,速度与激情：特别行动 Fast & Furious Presents: Hobbs & Shaw,6.3,255726,"导演: 大卫·雷奇
主演: 道恩·强森 / 杰森·斯坦森 / 伊德里斯·艾尔巴
类型: 喜剧 / 动作 / 冒险
制片国家/地区: 美国/日本
年份: 2019",7607
118,1329950,达·芬奇密码 The Da Vinci Code,7.5,252636,"导演: 朗·霍华德
主演: 汤姆·汉克斯 / 奥黛丽·塔图 / 伊恩·麦克莱恩
类型: 悬疑 / 惊悚
制片国家/地区: 美国/马耳他/法国/英国
年份: 2006",7600
119,4301224,沉睡魔咒 Maleficent,7.4,333385,"导演: 罗伯特·斯特罗姆伯格
主演: 安吉丽娜·朱莉 / 艾丽·范宁 / 沙尔托·科普雷
类型: 奇幻 / 冒险
制片国家/地区: 美国/英国
年份: 2014",758.5
120,2129132,超凡蜘蛛侠 The Amazing Spider-Man,7.7,342606,"导演: 马克·韦布
主演: 安德鲁·加菲尔德 / 艾玛·斯通 / 瑞斯·伊凡斯
类型: 动作 / 科幻 / 奇幻 / 冒险
制片国家/地区: 美国
年份: 2012",757.9
121,6533054,饥饿游戏3：嘲笑鸟(上) The Hunger Games: Mockingjay - Part 1,6.3,183062,"导演: 弗朗西斯·劳伦斯
主演: 詹妮弗·劳伦斯 / 乔什·哈切森 / 利亚姆·海姆斯沃斯
类型: 动作 / 科幻 / 冒险
制片国家/地区: 美国
年份: 2014",755.4
122,2072478,怪物史瑞克4 Shrek Forever After,7.6,62646,"导演: 迈克·米切尔
主演: 麦克·梅尔斯 / 艾迪·墨菲 / 卡梅隆·迪亚兹
类型: 喜剧 / 动作 / 动画 / 冒险
制片国家/地区: 美国
年份: 2010",752.6
123,3793783,地心引力 Gravity,7.9,443149,"导演: 阿方索·卡隆
主演: 桑德拉·布洛克 / 乔治·克鲁尼 / 艾德·哈里斯
类型: 科幻 / 惊悚 / 灾难
制片国家/地区: 英国/美国/墨西哥
年份: 2013",7480
124,3178770,马达加斯加3 Madagascar 3: Europe's Most Wanted,8.2,176237,"导演: 康拉德·弗农 / 埃里克·达尼尔 / 汤姆·麦格拉思
主演: 本·斯蒂勒 / 克里斯·洛克 / 大卫·休默
类型: 喜剧 / 动画 / 冒险
制片国家/地区: 美国
年份: 2012",7469
125,3569910,自杀小队 Suicide Squad,6.7,310141,"导演: 大卫·阿耶
主演: 威尔·史密斯 / 杰瑞德·莱托 / 玛格特·罗比
类型: 动作 / 犯罪 / 奇幻
制片国家/地区: 美国
年份: 2016",7468
126,10485647,X战警：逆转未来 X-Men: Days of Future Past,8.2,453548,"导演: 布莱恩·辛格
主演: 休·杰克曼 / 詹姆斯·麦卡沃伊 / 迈克尔·法斯宾德
类型: 剧情 / 动作 / 科幻 / 冒险
制片国家/地区: 美国/英国
年份: 2014",7460
127,1309052,纳尼亚传奇1：狮子、女巫和魔衣橱 The Chronicles of Narnia: The Lion, the Witch and the Wardrobe,7.6,188028,"导演: 安德鲁·亚当森
主演: 乔芝·韩莉 / 斯堪德·凯恩斯 / 威廉·莫斯里
类型: 剧情 / 奇幻 / 冒险
制片国家/地区: 英国/美国
年份: 2005",745.0
128,3789848,怪兽大学 Monsters University,8.3,379466,"导演: 丹·斯坎隆
主演: 比利·克里斯托 / 约翰·古德曼 / 史蒂夫·布西密
类型: 喜剧 / 动画 / 冒险
制片国家/地区: 美国
年份: 2013",744.2
129,1304141,黑客帝国2：重装上阵 The Matrix Reloaded,8.7,417755,"导演: 拉娜·沃卓斯基 / 莉莉·沃卓斯基
主演: 基努·里维斯 / 劳伦斯·菲什伯恩 / 凯瑞-安·莫斯
类型: 动作 / 科幻
制片国家/地区: 美国
年份: 2003",742.1
130,2129039,飞屋环游记 Up,9.1,1367952,"导演: 彼特·道格特 / 鲍勃·彼德森
主演: 爱德华·阿斯纳 / 克里斯托弗·普卢默 / 乔丹·长井
类型: 剧情 / 喜剧 / 动画 / 冒险
制片国家/地区: 美国
年份: 2009",735.1
131,26794435,哪吒之魔童降世,8.4,1848909,"导演: 饺子
主演: 吕艳婷 / 囧森瑟夫 / 瀚墨
类型: 剧情 / 喜剧 / 动画 / 奇幻
制片国家/地区: 中国大陆
年份: 2019",7262
132,25728006,速度与激情9 F9: The Fast Saga,5.1,207122,"导演: 林诣彬
主演: 范·迪塞尔 / 约翰·塞纳 / 米歇尔·罗德里格兹
类型: 动作 / 犯罪
制片国家/地区: 美国
年份: 2021",7262
133,1889243,星际穿越 Interstellar,9.4,1920153,"导演: 克里斯托弗·诺兰
主演: 马修·麦康纳 / 安妮·海瑟薇 / 杰西卡·查斯坦
类型: 剧情 / 科幻 / 冒险
制片国家/地区: 美国/英国/加拿大
年份: 2014",7157
134,6390823,美国队长2 Captain America: The Winter Soldier,8,447636,"导演: 安东尼·罗素 / 乔·罗素
主演: 克里斯·埃文斯 / 斯嘉丽·约翰逊 / 塞巴斯蒂安·斯坦
类型: 动作 / 科幻 / 惊悚 / 冒险
制片国家/地区: 美国
年份: 2014",714.4
135,3289081,暮光之城4：破晓(上) The Twilight Saga: Breaking Dawn - Part 1,6.9,196390,"导演: 比尔·康顿
主演: 罗伯特·帕丁森 / 克里斯汀·斯图尔特 / 泰勒·洛特纳
类型: 剧情 / 爱情 / 惊悚 / 奇幻 / 冒险
制片国家/地区: 美国
年份: 2011",712.2
136,3148027,暮光之城2：新月 The Twilight Saga: New Moon,6.9,288578,"导演: 克里斯·韦兹
主演: 克里斯汀·斯图尔特 / 罗伯特·帕丁森 / 泰勒·洛特纳
类型: 剧情 / 爱情 / 惊悚 / 奇幻
制片国家/地区: 美国
年份: 2009",7110
137,7046723,猩球崛起2：黎明之战 Dawn of the Planet of the Apes,7.7,308173,"导演: 马特·里夫斯
主演: 安迪·瑟金斯 / 杰森·克拉克 / 加里·奥德曼
类型: 剧情 / 动作 / 科幻
制片国家/地区: 美国
年份: 2014",710.6
138,1794171,变形金刚 Transformers,8.3,502545,"导演: 迈克尔·贝
主演: 希亚·拉博夫 / 梅根·福克斯 / 乔什·杜哈明
类型: 动作 / 科幻
制片国家/地区: 美国
年份: 2007",709.7
139,6082518,超凡蜘蛛侠2 The Amazing Spider-Man 2,7.7,302587,"导演: 马克·韦布
主演: 安德鲁·加菲尔德 / 艾玛·斯通 / 杰米·福克斯
类型: 动作 / 科幻 / 奇幻 / 冒险
制片国家/地区: 美国
年份: 2014",7089
140,26631790,速度与激情10 Fast X,6.1,182047,"导演: 路易斯·莱特里尔
主演: 范·迪塞尔 / 米歇尔·罗德里格兹 / 杰森·莫玛
类型: 动作 / 犯罪 / 悬疑 / 惊悚 / 冒险
制片国家/地区: 美国
年份: 2023",7047
141,3604148,小丑回魂 It,7.5,202693,"导演: 安德斯·穆斯切蒂
主演: 比尔·斯卡斯加德 / 杰登·马泰尔 / 杰里米·雷·泰勒
类型: 剧情 / 恐怖
制片国家/地区: 美国/加拿大
年份: 2017",7017
142,26266893,流浪地球,7.9,1953439,"导演: 郭帆
主演: 吴京 / 屈楚萧 / 李光洁
类型: 科幻 / 冒险 / 灾难
制片国家/地区: 中国大陆
年份: 2019",699.8
143,3289086,暮光之城3：月食 The Twilight Saga: Eclipse,6.9,227487,"导演: 大卫·斯雷德
主演: 克里斯汀·斯图尔特 / 罗伯特·帕丁森 / 泰勒·洛特纳
类型: 剧情 / 爱情 / 惊悚 / 奇幻
制片国家/地区: 美国
年份: 2010",698.5
144,3068206,碟中谍4 Mission: Impossible - Ghost Protocol,8.4,442240,"导演: 布拉德·伯德
主演: 汤姆·克鲁斯 / 杰瑞米·雷纳 / 西蒙·佩吉
类型: 动作 / 惊悚 / 冒险
制片国家/地区: 美国
年份: 2011",694.7
145,2054024,妈妈咪呀 Mamma Mia!,7.6,85455,"导演: 菲利达·劳埃德
主演: 梅丽尔·斯特里普 / 阿曼达·塞弗里德 / 皮尔斯·布鲁斯南
类型: 喜剧 / 歌舞 / 爱情
制片国家/地区: 英国/美国/德国
年份: 2008",6944
146,3592853,饥饿游戏 The Hunger Games,7.1,380790,"导演: 盖瑞·罗斯
主演: 詹妮弗·劳伦斯 / 乔什·哈切森 / 利亚姆·海姆斯沃斯
类型: 动作 / 科幻 / 冒险
制片国家/地区: 美国
年份: 2012",694.4
147,30391186,蜘蛛侠：纵横宇宙 Spider-Man: Across the Spider-Verse,8.5,426885,"导演: 乔伊姆·多斯·桑托斯 / 凯普·鲍尔斯 / 贾斯汀·汤普森
主演: 沙梅克·摩尔 / 海莉·斯坦菲尔德 / 奥斯卡·伊萨克
类型: 喜剧 / 动作 / 科幻 / 动画 / 奇幻 / 冒险
制片国家/地区: 美国
年份: 2023",6893
148,25793398,海洋奇缘 Moana,7.5,195319,"导演: 罗恩·克莱蒙兹 / 约翰·马斯克 / 唐·霍尔 / 克里斯·威廉姆斯
主演: 奥丽伊·卡瓦洛 / 道恩·强森 / 瑞切尔·豪斯
类型: 动画 / 奇幻 / 冒险 / 歌舞
制片国家/地区: 美国
年份: 2016",6872
149,27619748,唐人街探案3,5.3,1074124,"导演: 陈思诚
主演: 王宝强 / 刘昊然 / 妻夫木聪
类型: 喜剧 / 悬疑
制片国家/地区: 中国大陆/中国香港/日本
年份: 2021",6862
150,10727641,碟中谍5：神秘国度 Mission: Impossible - Rogue Nation,7.9,333824,"导演: 克里斯托弗·麦奎里
主演: 汤姆·克鲁斯 / 杰瑞米·雷纳 / 丽贝卡·弗格森
类型: 动作 / 惊悚 / 冒险
制片国家/地区: 美国/中国大陆/奥地利/英国/摩洛哥
年份: 2015",682.7
151,1292720,阿甘正传 Forrest Gump,9.5,2224476,"导演: 罗伯特·泽米吉斯
主演: 汤姆·汉克斯 / 罗宾·怀特 / 加里·西尼斯
类型: 剧情 / 爱情
制片国家/地区: 美国
年份: 1994",677.9
152,3025375,奇异博士 Doctor Strange,7.6,589873,"导演: 斯科特·德瑞克森
主演: 本尼迪克特·康伯巴奇 / 蒂尔达·斯文顿 / 麦斯·米科尔森
类型: 动作 / 奇幻 / 冒险
制片国家/地区: 美国
年份: 2016",677.7
153,1297630,第六感 The Sixth Sense,8.9,574390,"导演: M·奈特·沙马兰
主演: 布鲁斯·威利斯 / 海利·乔·奥斯蒙 / 托妮·科莱特
类型: 剧情 / 悬疑 / 惊悚
制片国家/地区: 美国
年份: 1999",672.8
154,2049435,超人：钢铁之躯 Man of Steel,7.3,258090,"导演: 扎克·施奈德
主演: 亨利·卡维尔 / 艾米·亚当斯 / 迈克尔·珊农
类型: 动作 / 科幻 / 冒险
制片国家/地区: 美国/英国
年份: 2013",668.0
155,1437342,冰川时代2 Ice Age: The Meltdown,8.2,246189,"导演: 卡洛斯·沙尔丹哈
主演: 雷·罗马诺 / 约翰·雷吉扎莫 / 丹尼斯·利瑞
类型: 喜剧 / 动画 / 冒险
制片国家/地区: 美国
年份: 2006",6670
156,3233635,功夫熊猫2 Kung Fu Panda 2,8.1,450531,"导演: 吕寅荣
主演: 杰克·布莱克 / 安吉丽娜·朱莉 / 达斯汀·霍夫曼
类型: 喜剧 / 动作 / 动画 / 冒险
制片国家/地区: 美国
年份: 2011",665.7
157,2158490,正义联盟 Justice League,6.3,311470,"导演: 扎克·施奈德
主演: 本·阿弗莱克 / 亨利·卡维尔 / 盖尔·加朵
类型: 动作 / 科幻 / 奇幻 / 冒险
制片国家/地区: 美国
年份: 2017",657.9
158,11026735,超能陆战队 Big Hero 6,8.7,1048178,"导演: 唐·霍尔 / 克里斯·威廉姆斯
主演: 斯科特·安第斯 / 瑞恩·波特 / 丹尼尔·海尼
类型: 喜剧 / 动作 / 科幻 / 动画 / 冒险
制片国家/地区: 美国
年份: 2014",657.8
159,26147417,神奇动物：格林德沃之罪 Fantastic Beasts: The Crimes of Grindelwald,7,488050,"导演: 大卫·叶茨
主演: 埃迪·雷德梅恩 / 凯瑟琳·沃特斯顿 / 约翰尼·德普
类型: 奇幻 / 冒险
制片国家/地区: 美国/英国
年份: 2018",6548
160,1298070,加勒比海盗 Pirates of the Caribbean: The Curse of the Black Pearl,8.8,886477,"导演: 戈尔·维宾斯基
主演: 约翰尼·德普 / 杰弗里·拉什 / 奥兰多·布鲁姆
类型: 动作 / 冒险 / 奇幻
制片国家/地区: 美国
年份: 2003",654.3
161,1297785,星球大战前传2：克隆人的进攻 Star Wars: Episode II - Attack of the Clones,8.1,104141,"导演: 乔治·卢卡斯
主演: 伊万·麦克格雷格 / 娜塔莉·波特曼 / 海登·克里斯滕森
类型: 动作 / 科幻 / 冒险
制片国家/地区: 美国
年份: 2002",649.4
162,10047547,饥饿游戏3：嘲笑鸟(下) The Hunger Games: Mockingjay - Part 2,6.5,150439,"导演: 弗朗西斯·劳伦斯
主演: 詹妮弗·劳伦斯 / 乔什·哈切森 / 利亚姆·海姆斯沃斯
类型: 动作 / 科幻 / 冒险
制片国家/地区: 美国
年份: 2015",6534
163,6560058,雷神2：黑暗世界 Thor: The Dark World,7.4,339465,"导演: 阿兰·泰勒
主演: 克里斯·海姆斯沃斯 / 娜塔莉·波特曼 / 汤姆·希德勒斯顿
类型: 动作 / 奇幻 / 冒险
制片国家/地区: 美国
年份: 2013",6447
164,26354572,欢乐好声音 Sing,8.1,287158,"导演: 加斯·詹宁斯 / 克里斯托夫·卢尔德莱
主演: 马修·麦康纳 / 瑞茜·威瑟斯彭 / 塞思·麦克法兰
类型: 喜剧 / 动画 / 歌舞
制片国家/地区: 美国
年份: 2016",634.2
165,1783457,功夫熊猫 Kung Fu Panda,8.2,585880,"导演: 马克·奥斯本 / 约翰·斯蒂文森
主演: 杰克·布莱克 / 达斯汀·霍夫曼 / 安吉丽娜·朱莉
类型: 喜剧 / 动作 / 动画 / 冒险
制片国家/地区: 美国
年份: 2008",6320
166,1291577,超人总动员 The Incredibles,8.2,310437,"导演: 布拉德·伯德
主演: 格雷格·T·尼尔森 / 霍利·亨特 / 塞缪尔·杰克逊
类型: 喜剧 / 动作 / 动画 / 冒险
制片国家/地区: 美国
年份: 2004",6316
167,25864085,火星救援 The Martian,8.5,756110,"导演: 雷德利·斯科特
主演: 马特·达蒙 / 杰西卡·查斯坦 / 克里斯汀·韦格
类型: 剧情 / 科幻 / 冒险
制片国家/地区: 英国/美国/匈牙利/约旦
年份: 2015",630.2
168,1949312,全民超人汉考克 Hancock,6.9,188804,"导演: 彼得·博格
主演: 威尔·史密斯 / 查理兹·塞隆 / 杰森·贝特曼
类型: 动作 / 犯罪 / 奇幻
制片国家/地区: 美国
年份: 2008",6294
169,35613853,长津湖之水门桥,7.2,369014,"导演: 徐克
主演: 吴京 / 易烊千玺 / 朱亚文
类型: 剧情 / 历史 / 战争
制片国家/地区: 中国大陆/中国香港
年份: 2022",6262
170,4286017,速度与激情5 Fast Five,8.5,374113,"导演: 林诣彬
主演: 范·迪塞尔 / 保罗·沃克 / 乔丹娜·布鲁斯特
类型: 动作 / 犯罪
制片国家/地区: 美国
年份: 2011",626.1
171,3642835,黑衣人3 Men in Black III,7.7,291581,"导演: 巴里·索南菲尔德
主演: 威尔·史密斯 / 汤米·李·琼斯 / 乔什·布洛林
类型: 动作 / 喜剧 / 科幻
制片国家/地区: 美国
年份: 2012",624.0
172,3066739,钢铁侠2 Iron Man 2,7.7,429806,"导演: 乔恩·费儒
主演: 小罗伯特·唐尼 / 格温妮斯·帕特洛 / 米基·洛克
类型: 动作 / 冒险 / 科幻
制片国家/地区: 美国
年份: 2010",623.9
173,1793491,美食总动员 Ratatouille,8.6,387917,"导演: 布拉德·伯德 / 简·皮克瓦
主演: 帕顿·奥斯瓦尔特 / 伊安·霍姆 / 卢·罗曼诺
类型: 喜剧 / 动画 / 奇幻
制片国家/地区: 美国
年份: 2007",6237
174,26636712,蚁人2：黄蜂女现身 Ant-Man and the Wasp,7.2,447659,"导演: 佩顿·里德
主演: 保罗·路德 / 伊万杰琳·莉莉 / 迈克尔·佩纳
类型: 动作 / 科幻 / 冒险
制片国家/地区: 美国
年份: 2018",622.7
175,4824512,驯龙高手2 How to Train Your Dragon 2,8.1,306585,"导演: 迪恩·德布洛斯
主演: 杰伊·巴鲁切尔 / 凯特·布兰切特 / 杰拉德·巴特勒
类型: 动画 / 奇幻 / 冒险
制片国家/地区: 美国
年份: 2014",621.5
176,25765735,金刚狼3：殊死一战 Logan,8.3,427048,"导演: 詹姆斯·曼高德
主演: 休·杰克曼 / 帕特里克·斯图尔特 / 达芙妮·基恩
类型: 剧情 / 动作 / 科幻
制片国家/地区: 美国
年份: 2017",619.0
177,1293702,侏罗纪公园2：失落的世界 The Lost World: Jurassic Park,7.6,157360,"导演: 史蒂文·斯皮尔伯格
主演: 杰夫·高布伦 / 朱丽安·摩尔 / 皮特·波斯尔思韦特
类型: 动作 / 冒险 / 科幻 / 惊悚
制片国家/地区: 美国
年份: 1997",618.6
178,1418190,007：大战皇家赌场 Casino Royale,7.8,196408,"导演: 马丁·坎贝尔
主演: 丹尼尔·克雷格 / 伊娃·格林 / 麦斯·米科尔森
类型: 剧情 / 动作 / 惊悚 / 冒险
制片国家/地区: 英国/捷克/美国/德国/巴哈马
年份: 2006",6165
179,1308750,耶稣受难记 The Passion of the Christ,7.9,35624,"导演: 梅尔·吉布森
主演: 吉姆·卡维泽 / 玛雅·摩根斯特恩 / 克里斯托·日夫科夫
类型: 剧情
制片国家/地区: 美国
年份: 2004",611.9
180,1929463,少年派的奇幻漂流 Life of Pi,9.1,1383923,"导演: 李安
主演: 苏拉·沙玛 / 伊尔凡·可汗 / 拉菲·斯波
类型: 剧情 / 奇幻 / 冒险
制片国家/地区: 美国/中国台湾/英国/加拿大
年份: 2012",609.0
181,25824686,变形金刚5：最后的骑士 Transformers: The Last Knight,4.9,256149,"导演: 迈克尔·贝
主演: 马克·沃尔伯格 / 安东尼·霍普金斯 / 乔什·杜哈明
类型: 动作 / 科幻 / 冒险
制片国家/地区: 美国/中国大陆/加拿大
年份: 2017",605.4
182,1994876,马达加斯加2：逃往非洲 Madagascar: Escape 2 Africa,7.8,126139,"导演: 埃里克·达尼尔 / 汤姆·麦格拉思
主演: 本·斯蒂勒 / 克里斯·洛克 / 大卫·休默
类型: 动画 / 动作 / 冒险 / 喜剧 / 家庭
制片国家/地区: 美国
年份: 2008",603.9
183,1309044,世界之战 War of the Worlds,6.7,91995,"导演: 史蒂文·斯皮尔伯格
主演: 汤姆·克鲁斯 / 达科塔·范宁 / 米兰达·奥图
类型: 科幻 / 惊悚 / 冒险
制片国家/地区: 美国
年份: 2005",6038
184,1863766,魔发奇缘 Tangled,8.3,276513,"导演: 内森·格雷诺 / 拜伦·霍华德
主演: 曼迪·摩尔 / 扎克瑞·莱维 / 唐纳·墨菲
类型: 喜剧 / 动画 / 冒险
制片国家/地区: 美国
年份: 2010",591.8
185,1946882,007：大破量子危机 Quantum of Solace,6.7,121107,"导演: 马克·福斯特
主演: 丹尼尔·克雷格 / 欧嘉·柯瑞兰寇 / 马修·阿马立克
类型: 动作 / 悬疑 / 惊悚 / 冒险
制片国家/地区: 英国/美国
年份: 2008",5895
186,1301445,黑衣人 Men in Black,8.3,343848,"导演: 巴里·索南菲尔德
主演: 威尔·史密斯 / 汤米·李·琼斯 / 琳达·费奥伦蒂诺
类型: 动作 / 喜剧 / 科幻
制片国家/地区: 美国
年份: 1997",589.4
187,1907966,疯狂原始人 The Croods,8.7,860298,"导演: 柯克·德·米科 / 克里斯·桑德斯
主演: 尼古拉斯·凯奇 / 艾玛·斯通 / 瑞安·雷诺兹
类型: 喜剧 / 动画 / 冒险
制片国家/地区: 美国
年份: 2013",587.2
188,3654340,宿醉2 The Hangover Part II,6.9,116900,"导演: 托德·菲利普斯
主演: 布莱德利·库珀 / 扎克·加利凡纳基斯 / 艾德·赫尔姆斯
类型: 喜剧
制片国家/地区: 美国
年份: 2011",586.8
189,1432146,钢铁侠 Iron Man,8.4,612930,"导演: 乔恩·费儒
主演: 小罗伯特·唐尼 / 泰伦斯·霍华德 / 格温妮斯·帕特洛
类型: 动作 / 冒险 / 科幻 / 惊悚
制片国家/地区: 美国
年份: 2008",5857
190,1820156,我是传奇 I Am Legend,8.2,415709,"导演: 弗朗西斯·劳伦斯
主演: 威尔·史密斯 / 艾莉丝·布拉加 / 查理·塔汉
类型: 剧情 / 动作 / 惊悚 / 冒险
制片国家/地区: 美国
年份: 2007",585.3
191,4920389,头号玩家 Ready Player One,8.6,1403694,"导演: 史蒂文·斯皮尔伯格
主演: 泰伊·谢里丹 / 奥利维亚·库克 / 本·门德尔森
类型: 动作 / 科幻 / 冒险
制片国家/地区: 美国
年份: 2018",582.9
192,1291579,怪兽电力公司 Monsters, Inc.,8.8,698158,"导演: 彼特·道格特 / 大卫·西尔弗曼 / 李·昂克里奇
主演: 约翰·古德曼 / 比利·克里斯托 / 玛丽·吉布斯
类型: 儿童 / 喜剧 / 动画 / 奇幻 / 冒险
制片国家/地区: 美国
年份: 2001",5797
193,26861685,红海行动,8.2,1049004,"导演: 林超贤
主演: 张译 / 黄景瑜 / 海清
类型: 动作 / 战争
制片国家/地区: 中国大陆/中国香港
年份: 2018",579.2
194,1835843,博物馆奇妙夜 Night at the Museum,7.7,303270,"导演: 肖恩·利维
主演: 本·斯蒂勒 / 欧文·威尔逊 / 罗宾·威廉姆斯
类型: 动作 / 冒险 / 喜剧 / 家庭 / 奇幻
制片国家/地区: 美国/英国
年份: 2006",574.5
195,0,,0,0,"",571.0
196,27601044,小美人鱼 The Little Mermaid,4.8,52662,"导演: 罗伯·马歇尔
主演: 海莉·贝利 / 乔纳·豪尔-金 / 梅丽莎·麦卡西
类型: 爱情 / 奇幻 / 冒险 / 歌舞
制片国家/地区: 美国
年份: 2023",5691
197,26309788,金刚：骷髅岛 Kong: Skull Island,6.5,237675,"导演: 乔丹·沃格特-罗伯茨
主演: 汤姆·希德勒斯顿 / 塞缪尔·杰克逊 / 布丽·拉尔森
类型: 动作 / 奇幻 / 冒险
制片国家/地区: 美国/中国大陆
年份: 2017",5686
198,30433455,碟中谍7：致命清算（上） Mission: Impossible – Dead Reckoning Part One,7.6,269070,"导演: 克里斯托弗·麦奎里
主演: 汤姆·克鲁斯 / 海莉·阿特维尔 / 文·瑞姆斯
类型: 动作 / 惊悚 / 冒险
制片国家/地区: 美国
年份: 2023",5675
199,2159331,蓝精灵 The Smurfs,7.3,107786,"导演: 拉加·高斯内尔
主演: 尼尔·帕特里克·哈里斯 / 杰玛·梅斯 / 汉克·阿扎利亚
类型: 喜剧 / 动画 / 奇幻
制片国家/地区: 美国/比利时
年份: 2011",563.7
200,3036478,赛车总动员2 Cars 2,7.8,106701,"导演: 约翰·拉塞特 / 布拉德·刘易斯
主演: 欧文·威尔逊 / 王牌接线员拉里 / 迈克尔·凯恩
类型: 喜剧 / 动画 / 冒险
制片国家/地区: 美国
年份: 2011",5598
201,1309043,金刚 King Kong,8,315018,"导演: 彼得·杰克逊
主演: 安迪·瑟金斯 / 娜奥米·沃茨 / 杰克·布莱克
类型: 动作 / 奇幻 / 冒险
制片国家/地区: 新西兰/美国/德国
年份: 2005",5569
202,2028585,穿靴子的猫 Puss in Boots,7.6,149563,"导演: 克里斯·米勒
主演: 安东尼奥·班德拉斯 / 萨尔玛·海耶克 / 扎克·加利凡纳基斯
类型: 喜剧 / 动画 / 奇幻 / 冒险 / 家庭
制片国家/地区: 美国
年份: 2011",555.0
203,19944106,美人鱼,6.7,831542,"导演: 周星驰
主演: 邓超 / 罗志祥 / 张雨绮
类型: 喜剧 / 爱情 / 奇幻
制片国家/地区: 中国大陆/中国香港
年份: 2016",553.8
204,1292769,世界末日 Armageddon,7.8,80585,"导演: 迈克尔·贝
主演: 布鲁斯·威利斯 / 本·阿弗莱克 / 丽芙·泰勒
类型: 科幻 / 灾难
制片国家/地区: 美国
年份: 1998",553.7
205,1308779,后天 The Day After Tomorrow,8.3,512841,"导演: 罗兰·艾默里奇
主演: 丹尼斯·奎德 / 杰克·吉伦哈尔 / 埃米·罗森
类型: 科幻 / 灾难
制片国家/地区: 美国
年份: 2004",5526
206,4807924,泰迪熊 Ted,7.2,273051,"导演: 塞思·麦克法兰
主演: 塞思·麦克法兰 / 马克·沃尔伯格 / 米拉·库尼斯
类型: 喜剧
制片国家/地区: 美国
年份: 2012",549.4
207,21263666,美国狙击手 American Sniper,7.7,120101,"导演: 克林特·伊斯特伍德
主演: 布莱德利·库珀 / 西耶娜·米勒 / 卢克·葛莱姆斯
类型: 传记 / 动作 / 战争
制片国家/地区: 美国
年份: 2014",547.4
208,1298525,碟中谍2 Mission: Impossible II,7.3,193047,"导演: 吴宇森
主演: 汤姆·克鲁斯 / 多格雷·斯科特 / 坦迪·牛顿
类型: 动作 / 惊悚 / 冒险
制片国家/地区: 美国/德国
年份: 2000",546.4
209,26698897,唐人街探案2,6.6,914621,"导演: 陈思诚
主演: 王宝强 / 刘昊然 / 肖央
类型: 喜剧 / 动作 / 悬疑
制片国家/地区: 中国大陆
年份: 2018",544.1
210,25786060,X战警：天启 X-Men: Apocalypse,7.7,381353,"导演: 布莱恩·辛格
主演: 詹姆斯·麦卡沃伊 / 迈克尔·法斯宾德 / 詹妮弗·劳伦斯
类型: 动作 / 科幻 / 奇幻 / 冒险
制片国家/地区: 美国
年份: 2016",543.9
211,4051753,大侦探福尔摩斯2：诡影游戏 Sherlock Holmes: A Game of Shadows,7.7,229557,"导演: 盖·里奇
主演: 小罗伯特·唐尼 / 裘德·洛 / 瑞秋·麦克亚当斯
类型: 动作 / 犯罪 / 悬疑
制片国家/地区: 美国
年份: 2011",5438
212,3287562,神偷奶爸 Despicable Me,8.7,971336,"导演: 皮埃尔·柯芬 / 克里斯·雷纳德
主演: 史蒂夫·卡瑞尔 / 杰森·席格尔 / 拉塞尔·布兰德
类型: 喜剧 / 动画 / 冒险
制片国家/地区: 美国/法国
年份: 2010",543.1
213,6875263,灰姑娘 Cinderella,7,230773,"导演: 肯尼思·布拉纳
主演: 莉莉·詹姆斯 / 理查德·麦登 / 凯特·布兰切特
类型: 爱情 / 奇幻 / 冒险
制片国家/地区: 美国/英国
年份: 2015",5423
214,1309201,马达加斯加 Madagascar,7.9,200956,"导演: 埃里克·达尼尔 / 汤姆·麦格拉思
主演: 本·斯蒂勒 / 克里斯·洛克 / 大卫·休默
类型: 动画 / 冒险 / 喜剧 / 家庭
制片国家/地区: 美国
年份: 2005",5420
215,2132473,僵尸世界大战 World War Z,7.6,311036,"导演: 马克·福斯特
主演: 布拉德·皮特 / 米瑞·伊诺丝 Mireille Enos / 马修·福克斯 Matthew Fox
类型: 动作 / 科幻 / 恐怖
制片国家/地区: 美国/英国/马耳他
年份: 2013",540.0
216,3036473,勇敢传说 Brave,7.6,185224,"导演: 马克∙安德鲁斯 / 布兰达∙查普曼 / 史蒂夫·普切尔
主演: 凯莉·麦克唐纳 / 艾玛·汤普森 / 比利·康诺利
类型: 喜剧 / 动画 / 奇幻 / 冒险
制片国家/地区: 美国
年份: 2012",5389
217,1296528,星球大战2：帝国反击战 Star Wars: Episode V - The Empire Strikes Back,8.4,108333,"导演: 厄文·克什纳
主演: 马克·哈米尔 / 哈里森·福特 / 凯丽·费雪
类型: 动作 / 冒险 / 科幻
制片国家/地区: 美国
年份: 1980",5383
218,1851906,辛普森一家 The Simpsons Movie,8.4,83371,"导演: 大卫·西尔弗曼
主演: 丹·卡斯泰兰尼塔 / 朱莉·卡夫娜 / 南茜·卡特莱特
类型: 动画 / 冒险 / 喜剧
制片国家/地区: 美国
年份: 2007",5364
219,5327268,荒野猎人 The Revenant,8,430358,"导演: 亚利桑德罗·冈萨雷斯·伊纳里多
主演: 莱昂纳多·迪卡普里奥 / 汤姆·哈迪 / 多姆纳尔·格里森
类型: 剧情 / 动作 / 冒险
制片国家/地区: 美国/中国香港/中国台湾
年份: 2015",533.0
220,26426194,巨齿鲨 The Meg,5.7,228419,"导演: 乔·德特杜巴
主演: 杰森·斯坦森 / 李冰冰 / 雷恩·威尔森
类型: 动作 / 科幻 / 惊悚
制片国家/地区: 美国/中国大陆/中国香港
年份: 2018",530.2
221,20438964,无敌破坏王2：大闹互联网 Ralph Breaks the Internet,8,393246,"导演: 菲尔·约翰斯顿 / 瑞奇·摩尔
主演: 约翰·C·赖利 / 萨拉·西尔弗曼 / 盖尔·加朵
类型: 喜剧 / 动画 / 奇幻 / 冒险
制片国家/地区: 美国
年份: 2018",529.2
222,26630714,精灵旅社3：疯狂假期 Hotel Transylvania 3: Summer Vacation,6.6,141431,"导演: 格恩迪·塔塔科夫斯基
主演: 亚当·桑德勒 / 凯瑟琳·哈恩 / 史蒂夫·布西密
类型: 喜剧 / 动画 / 奇幻
制片国家/地区: 美国/韩国
年份: 2018",528.6
223,25907029,宝贝老板 The Boss Baby,7.7,111328,"导演: 汤姆·麦格拉思
主演: 亚历克·鲍德温 / 迈尔斯·克里斯托弗·巴克什 / 吉米·坎摩尔
类型: 喜剧 / 动画
制片国家/地区: 美国
年份: 2017",528.0
224,26607693,敦刻尔克 Dunkirk,8.4,730759,"导演: 克里斯托弗·诺兰
主演: 菲恩·怀特海德 / 汤姆·格林-卡尼 / 杰克·劳登
类型: 剧情 / 历史 / 战争
制片国家/地区: 英国/法国/美国/荷兰
年份: 2017",526.9
225,23774869,绿毛怪格林奇 The Grinch,6.2,13577,"导演: 亚罗·切尼 / 斯科特·摩西尔
主演: 本尼迪克特·康伯巴奇 / 卡梅伦·丝蕾 / 拉什达·琼斯
类型: 喜剧 / 动画 / 奇幻
制片国家/地区: 法国/中国大陆/日本/美国
年份: 2018",5267
226,2063914,哥斯拉 Godzilla,6.6,214648,"导演: 加里斯·爱德华斯
主演: 亚伦·泰勒-约翰逊 / 卡梅隆·CJ·亚当斯 / 渡边谦
类型: 动作 / 科幻 / 冒险 / 灾难
制片国家/地区: 美国/日本
年份: 2014",5249
227,19899707,驯龙高手3 How to Train Your Dragon: The Hidden World,7.4,271106,"导演: 迪恩·德布洛斯
主演: 杰伊·巴鲁切尔 / 亚美莉卡·费雷拉 / F·默里·亚伯拉罕
类型: 动画 / 奇幻 / 冒险
制片国家/地区: 美国
年份: 2019",5245
228,2998270,大侦探福尔摩斯 Sherlock Holmes,7.7,316774,"导演: 盖·里奇
主演: 小罗伯特·唐尼 / 裘德·洛 / 瑞秋·麦克亚当斯
类型: 动作 / 犯罪 / 悬疑
制片国家/地区: 美国/德国/英国/澳大利亚
年份: 2009",524.0
229,1308987,拜见岳父大人2 Meet the Fockers,7.1,34972,"导演: 杰伊·罗奇
主演: 本·斯蒂勒 / 罗伯特·德尼罗 / 达斯汀·霍夫曼
类型: 喜剧 / 爱情
制片国家/地区: 美国
年份: 2004",5226
230,2131459,机器人总动员 WALL·E,9.3,1354958,"导演: 安德鲁·斯坦顿
主演: 本·贝尔特 / 艾丽莎·奈特 / 杰夫·格尔林
类型: 科幻 / 动画 / 冒险
制片国家/地区: 美国
年份: 2008",5213
231,11589036,功夫熊猫3 Kung Fu Panda 3,7.8,370432,"导演: 吕寅荣 / 亚历山德罗·卡罗尼
主演: 杰克·布莱克 / 布莱恩·克兰斯顿 / 达斯汀·霍夫曼
类型: 喜剧 / 动作 / 动画 / 冒险
制片国家/地区: 美国/中国大陆
年份: 2016",521.2
232,1291844,终结者2：审判日 Terminator 2: Judgment Day,8.8,351219,"导演: 詹姆斯·卡梅隆
主演: 阿诺·施瓦辛格 / 琳达·汉密尔顿 / 爱德华·福隆
类型: 动作 / 科幻
制片国家/地区: 美国/法国
年份: 1991",520.9
233,1866473,蚁人 Ant-Man,7.7,446074,"导演: 佩顿·里德
主演: 保罗·路德 / 迈克尔·道格拉斯 / 伊万杰琳·莉莉
类型: 动作 / 科幻 / 冒险
制片国家/地区: 美国
年份: 2015",519.3
234,30382416,毒液2 Venom: Let There Be Carnage,5,177509,"导演: 安迪·瑟金斯
主演: 汤姆·哈迪 / 伍迪·哈里森 / 米歇尔·威廉姆斯
类型: 动作 / 科幻 / 惊悚
制片国家/地区: 美国/中国大陆
年份: 2021",5068
235,1293203,人鬼情未了 Ghost,8.3,213845,"导演: 杰瑞·扎克
主演: 帕特里克·斯威兹 / 黛米·摩尔 / 托尼·戈德温
类型: 剧情 / 爱情 / 奇幻
制片国家/地区: 美国
年份: 1990",505.7
236,1299513,阿拉丁 Aladdin,8.3,80295,"导演: 罗恩·克莱蒙兹 / 约翰·马斯克
主演: 斯科特·维内尔 / 罗宾·威廉姆斯 / 琳达·拉金
类型: 喜剧 / 动画 / 冒险
制片国家/地区: 美国
年份: 1992",504.1
237,1293530,角斗士 Gladiator,8.6,225388,"导演: 雷德利·斯科特
主演: 罗素·克劳 / 华金·菲尼克斯 / 康妮·尼尔森
类型: 剧情 / 动作 / 冒险
制片国家/地区: 美国/英国/马耳他/摩洛哥
年份: 2000",5031
238,11443314,里约大冒险2 Rio 2,7.7,134501,"导演: 卡洛斯·沙尔丹哈
主演: 安妮·海瑟薇 / 杰西·艾森伯格 / 布鲁诺·马尔斯
类型: 喜剧 / 动画 / 冒险
制片国家/地区: 美国
年份: 2014",4987
239,1308751,特洛伊 Troy,7.6,146362,"导演: 沃尔夫冈·彼德森
主演: 布拉德·皮特 / 黛安·克鲁格 / 奥兰多·布鲁姆
类型: 动作 / 爱情
制片国家/地区: 美国/马耳他/英国
年份: 2004",497.4
240,1291574,玩具总动员2 Toy Story 2,8.5,256715,"导演: 约翰·拉塞特 / 艾什·布兰农 / 李·昂克里奇
主演: 汤姆·汉克斯 / 蒂姆·艾伦 / 琼·库萨克
类型: 喜剧 / 动画 / 奇幻 / 冒险
制片国家/地区: 美国
年份: 1999",497.4
241,35901878,疯狂元素城 Elemental,7,108158,"导演: 彼得·孙
主演: 莉娅·刘易斯 / 马莫多·阿西 / 罗纳尔多·德尔·卡门
类型: 剧情 / 喜剧 / 科幻 / 动画 / 奇幻 / 冒险
制片国家/地区: 美国
年份: 2023",4963
242,2353023,驯龙高手 How to Train Your Dragon,8.8,779685,"导演: 迪恩·德布洛斯 / 克里斯·桑德斯
主演: 杰伊·巴鲁切尔 / 杰拉德·巴特勒 / 克雷格·费格森
类型: 动画 / 奇幻 / 冒险
制片国家/地区: 美国
年份: 2010",494.9
243,1292454,龙卷风 Twister,7.3,31096,"导演: 扬·德·邦特
主演: 海伦·亨特 / 比尔·帕克斯顿 / 加利·艾尔维斯
类型: 动作 / 冒险 / 灾难
制片国家/地区: 美国
年份: 1996",494.5
244,4816602,魔境仙踪 Oz: The Great and Powerful,6.4,50781,"导演: 山姆·雷米
主演: 詹姆斯·弗兰科 / 米歇尔·威廉姆斯 / 蕾切尔·薇兹
类型: 奇幻 / 冒险
制片国家/地区: 美国
年份: 2013",493.3
245,2131654,诸神之战 Clash of the Titans,6.2,115714,"导演: 路易斯·莱特里尔
主演: 萨姆·沃辛顿 / 杰玛·阿特登 / 麦斯·米科尔森
类型: 动作 / 冒险 / 奇幻
制片国家/地区: 美国
年份: 2010",493.2
246,26426056,沉睡魔咒2 Maleficent: Mistress of Evil,5.9,187795,"导演: 乔阿吉姆·罗恩尼
主演: 安吉丽娜·朱莉 / 艾丽·范宁 / 米歇尔·菲佛
类型: 奇幻 / 冒险
制片国家/地区: 美国/英国
年份: 2019",4917
247,25808075,猩球崛起3：终极之战 War for the Planet of the Apes,6.9,226043,"导演: 马特·里夫斯
主演: 安迪·瑟金斯 / 伍迪·哈里森 / 斯蒂夫·扎恩
类型: 剧情 / 动作 / 科幻
制片国家/地区: 美国
年份: 2017",490.7
248,1291581,怪物史瑞克 Shrek,7.9,195823,"导演: 安德鲁·亚当森 / 维基·詹森
主演: 麦克·梅尔斯 / 艾迪·墨菲 / 卡梅隆·迪亚兹
类型: 动画 / 冒险 / 喜剧 / 家庭 / 奇幻
制片国家/地区: 美国
年份: 2001",4878
249,1309199,史密斯夫妇 Mr. & Mrs. Smith,7.8,509244,"导演: 道格·里曼
主演: 布拉德·皮特 / 安吉丽娜·朱莉 / 文斯·沃恩
类型: 喜剧 / 动作 / 爱情
制片国家/地区: 美国
年份: 2005",4872
250,1927369,天使与魔鬼 Angels & Demons,7.4,114545,"导演: 朗·霍华德
主演: 汤姆·汉克斯 / 伊万·麦克格雷格 / 阿耶莱特·祖里尔
类型: 动作 / 悬疑 / 惊悚
制片国家/地区: 美国/意大利
年份: 2009",485.9
251,3217149,忍者神龟：变种时代 Teenage Mutant Ninja Turtles,6.6,131909,"导演: 乔纳森·里贝斯曼
主演: 梅根·福克斯 / 威尔·阿奈特 / 威廉·菲克纳
类型: 喜剧 / 动作 / 科幻 / 冒险
制片国家/地区: 美国
年份: 2014",4850
252,1297018,冒牌天神 Bruce Almighty,7.7,220564,"导演: 汤姆·沙迪亚克
主演: 金·凯瑞 / 摩根·弗里曼 / 詹妮弗·安妮斯顿
类型: 喜剧 / 奇幻
制片国家/地区: 美国
年份: 2003",4845
253,4023638,国王的演讲 The King's Speech,8.4,611926,"导演: 汤姆·霍伯
主演: 科林·费尔斯 / 杰弗里·拉什 / 海伦娜·伯翰·卡特
类型: 剧情 / 传记 / 历史
制片国家/地区: 英国/澳大利亚/美国
年份: 2010",4840
254,3731581,里约大冒险 Rio,8.3,318049,"导演: 卡洛斯·沙尔丹哈
主演: 杰西·艾森伯格 / 安妮·海瑟薇 / 乔治·洛佩兹
类型: 喜剧 / 动画 / 冒险
制片国家/地区: 美国
年份: 2011",4838
255,1292849,拯救大兵瑞恩 Saving Private Ryan,9.1,665946,"导演: 史蒂文·斯皮尔伯格
主演: 汤姆·汉克斯 / 汤姆·塞兹摩尔 / 爱德华·伯恩斯
类型: 剧情 / 战争
制片国家/地区: 美国
年份: 1998",481.8
256,3274505,猩球崛起 Rise of the Planet of the Apes,8.2,429994,"导演: 鲁伯特·瓦耶特
主演: 安迪·瑟金斯 / 詹姆斯·弗兰科 / 芙蕾达·平托
类型: 剧情 / 动作 / 科幻
制片国家/地区: 美国
年份: 2011",481.8
257,25868125,穿靴子的猫2 Puss in Boots: The Last Wish,8.1,98966,"导演: 乔尔·克劳福德 / 贾努埃尔·梅尔卡多
主演: 安东尼奥·班德拉斯 / 萨尔玛·海耶克 / 哈维·吉兰
类型: 喜剧 / 爱情 / 动画 / 悬疑 / 奇幻 / 冒险 / 歌舞
制片国家/地区: 美国
年份: 2022",4800
258,1293088,小鬼当家 Home Alone,8.4,415299,"导演: 克里斯·哥伦布
主演: 麦考利·卡尔金 / 乔·佩西 / 丹尼尔·斯特恩
类型: 喜剧 / 犯罪 / 家庭
制片国家/地区: 美国
年份: 1990",476.7
259,1294941,大白鲨 Jaws,7.8,103682,"导演: 史蒂文·斯皮尔伯格
主演: 罗伊·谢德 / 罗伯特·肖 / 理查德·德莱福斯
类型: 剧情 / 惊悚 / 冒险
制片国家/地区: 美国
年份: 1975",4765
260,34610636,蚁人与黄蜂女：量子狂潮 Ant-Man and the Wasp: Quantumania,5.8,151797,"导演: 佩顿·里德
主演: 保罗·路德 / 伊万杰琳·莉莉 / 迈克尔·道格拉斯
类型: 喜剧 / 动作 / 科幻 / 冒险
制片国家/地区: 美国
年份: 2023",4760
261,21327493,精灵旅社2 Hotel Transylvania 2,7.9,193743,"导演: 格恩迪·塔塔科夫斯基
主演: 亚当·桑德勒 / 安迪·萨姆伯格 / 赛琳娜·戈麦斯
类型: 喜剧 / 动画 / 奇幻
制片国家/地区: 美国/加拿大
年份: 2015",4751
262,1297151,星球大战3：绝地归来 Star Wars: Episode VI - Return of the Jedi,8.4,98582,"导演: 理查德·马昆德
主演: 马克·哈米尔 / 哈里森·福特 / 凯丽·费雪
类型: 动作 / 科幻 / 奇幻 / 冒险
制片国家/地区: 美国
年份: 1983",475.1
263,1309101,查理和巧克力工厂 Charlie and the Chocolate Factory,8.3,529174,"导演: 蒂姆·波顿
主演: 约翰尼·德普 / 弗莱迪·海默 / 海伦娜·伯翰·卡特
类型: 喜剧 / 奇幻 / 冒险
制片国家/地区: 美国/英国/澳大利亚
年份: 2005",475.0
264,1293471,夺宝奇兵3 Indiana Jones and the Last Crusade,8.3,75621,"导演: 史蒂文·斯皮尔伯格
主演: 哈里森·福特 / 肖恩·康纳利 / 丹霍姆·艾略特
类型: 剧情 / 动作 / 奇幻 / 冒险
制片国家/地区: 美国
年份: 1989",474.2
265,25786077,末日崩塌 San Andreas,7,168566,"导演: 布拉德·佩顿
主演: 道恩·强森 / 亚历山德拉·达达里奥 / 卡拉·古奇诺
类型: 动作 / 冒险 / 灾难
制片国家/地区: 美国/澳大利亚
年份: 2015",474.0
266,27133569,小丑回魂2 It: Chapter Two,6.4,74874,"导演: 安德斯·穆斯切蒂
主演: 詹姆斯·麦卡沃伊 / 杰西卡·查斯坦 / 比尔·斯卡斯加德
类型: 剧情 / 奇幻 / 恐怖
制片国家/地区: 加拿大/美国
年份: 2019",4720
267,25934014,爱乐之城 La La Land,8.4,972768,"导演: 达米恩·查泽雷
主演: 瑞恩·高斯林 / 艾玛·斯通 / 约翰·传奇
类型: 剧情 / 爱情 / 歌舞
制片国家/地区: 美国
年份: 2016",4719
268,6534248,无敌破坏王 Wreck-It Ralph,8.7,559482,"导演: 瑞奇·摩尔
主演: 约翰·C·赖利 / 萨拉·西尔弗曼 / 杰克·麦克布瑞尔
类型: 喜剧 / 动画 / 奇幻 / 冒险
制片国家/地区: 美国
年份: 2012",471.2
269,26613692,哥斯拉大战金刚 Godzilla vs Kong,6.3,297346,"导演: 亚当·温加德
主演: 亚历山大·斯卡斯加德 / 米莉·波比·布朗 / 丽贝卡·豪尔
类型: 动作 / 科幻 / 冒险
制片国家/地区: 美国/澳大利亚/加拿大/印度
年份: 2021",4701
270,3233761,宿醉 The Hangover,7.7,239788,"导演: 托德·菲利普斯
主演: 布莱德利·库珀 / 艾德·赫尔姆斯 / 扎克·加利凡纳基斯
类型: 喜剧
制片国家/地区: 美国
年份: 2009",4693
271,24404677,超体 Lucy,7.4,583188,"导演: 吕克·贝松
主演: 斯嘉丽·约翰逊 / 摩根·弗里曼 / 崔岷植
类型: 动作 / 科幻
制片国家/地区: 法国/德国/中国台湾/加拿大/美国/英国
年份: 2014",4690
272,3927734,乐高大电影 The Lego Movie,7.9,62764,"导演: 菲尔·罗德 / 克里斯托弗·米勒
主演: 克里斯·帕拉特 / 威尔·法瑞尔 / 伊丽莎白·班克斯
类型: 喜剧 / 动画 / 冒险
制片国家/地区: 美国/澳大利亚/丹麦
年份: 2014",4682
273,26394152,大黄蜂 Bumblebee,7,384750,"导演: 特拉维斯·奈特
主演: 海莉·斯坦菲尔德 / 小豪尔赫·兰登伯格 / 约翰·塞纳
类型: 动作 / 科幻 / 冒险
制片国家/地区: 美国/中国大陆
年份: 2018",4679
274,3642843,星际迷航2：暗黑无界 Star Trek Into Darkness,8,217273,"导演: J·J·艾布拉姆斯
主演: 克里斯·派恩 / 扎克瑞·昆图 / 佐伊·索尔达娜
类型: 动作 / 科幻 / 冒险
制片国家/地区: 美国
年份: 2013",467.4
275,1291843,黑客帝国 The Matrix,9.1,862476,"导演: 莉莉·沃卓斯基 / 拉娜·沃卓斯基
主演: 基努·里维斯 / 劳伦斯·菲什伯恩 / 凯瑞-安·莫斯
类型: 动作 / 科幻
制片国家/地区: 美国
年份: 1999",4663
276,1293825,漂亮女人 Pretty Woman,8,140006,"导演: 盖瑞·马歇尔
主演: 理查·基尔 / 朱莉娅·罗伯茨 / 拉尔夫·贝拉米
类型: 喜剧 / 爱情
制片国家/地区: 美国
年份: 1990",463.4
277,1428878,赛车总动员 Cars,8.1,200335,"导演: 约翰·拉塞特 / 乔·兰福特
主演: 欧文·威尔逊 / 保罗·纽曼 / 邦尼·亨特
类型: 喜剧 / 动画 / 冒险
制片国家/地区: 美国
年份: 2006",4619
278,26754233,八佰,7.5,830669,"导演: 管虎
主演: 王千源 / 张译 / 姜武
类型: 剧情 / 历史 / 战争
制片国家/地区: 中国大陆
年份: 2020",4613
279,1401524,X战警3：背水一战 X-Men: The Last Stand,7.7,233414,"导演: 布莱特·拉特纳
主演: 休·杰克曼 / 哈莉·贝瑞 / 伊恩·麦克莱恩
类型: 动作 / 科幻 / 惊悚
制片国家/地区: 美国/加拿大/英国
年份: 2006",4604
280,35183042,独行月球,6.6,704658,"导演: 张吃鱼
主演: 沈腾 / 马丽 / 常远
类型: 喜剧 / 科幻
制片国家/地区: 中国大陆
年份: 2022",4602
281,1607471,国家宝藏：夺宝秘笈 National Treasure: Book of Secrets,7.3,106198,"导演: 乔·德特杜巴
主演: 尼古拉斯·凯奇 / 贾斯汀·巴萨 / 黛安·克鲁格
类型: 动作 / 悬疑 / 冒险
制片国家/地区: 美国
年份: 2007",4592
282,1292484,碟中谍 Mission: Impossible,8.3,277615,"导演: 布莱恩·德·帕尔玛
主演: 汤姆·克鲁斯 / 强·沃特 / 艾曼纽·贝阿
类型: 动作 / 冒险 / 惊悚
制片国家/地区: 美国
年份: 1996",457.7
283,1853176,斯巴达300勇士 300,7.9,178302,"导演: 扎克·施奈德
主演: 杰拉德·巴特勒 / 琳娜·海蒂 / 多米尼克·韦斯特
类型: 动作 / 历史 / 战争
制片国家/地区: 美国
年份: 2006",4560
284,1299383,最后的武士 The Last Samurai,7.9,79447,"导演: 爱德华·兹威克
主演: 汤姆·克鲁斯 / 渡边谦 / 威廉·阿瑟东
类型: 剧情 / 动作 / 战争 / 冒险
制片国家/地区: 美国/新西兰/日本
年份: 2003",4546
285,34845781,鬼灭之刃 剧场版 无限列车篇 劇場版 鬼滅の刃 無限列車編,7.9,106176,"导演: 外崎春雄
主演: 花江夏树 / 鬼头明里 / 下野纮
类型: 动画
制片国家/地区: 日本
年份: 2020",4532
286,26752088,我不是药神,9,2164513,"导演: 文牧野
主演: 徐峥 / 王传君 / 周一围
类型: 剧情 / 喜剧
制片国家/地区: 中国大陆
年份: 2018",4511
287,1301578,十一罗汉 Ocean's Eleven,7.9,190233,"导演: 史蒂文·索德伯格
主演: 乔治·克鲁尼 / 布拉德·皮特 / 马特·达蒙
类型: 犯罪 / 惊悚
制片国家/地区: 美国
年份: 2001",450.7
288,32659890,我和我的祖国,7.6,1024037,"导演: 陈凯歌 / 张一白 / 管虎 / 薛晓路 / 徐峥 / 宁浩 / 文牧野
主演: 黄渤 / 张译 / 韩昊霖
类型: 剧情
制片国家/地区: 中国大陆
年份: 2019",4500
289,26835471,大侦探皮卡丘 Pokémon Detective Pikachu,6.4,381676,"导演: 罗伯·莱特曼
主演: 瑞安·雷诺兹 / 贾斯蒂斯·史密斯 / 凯瑟琳·纽顿
类型: 喜剧 / 动画 / 奇幻 / 冒险
制片国家/地区: 美国/日本/英国/加拿大
年份: 2019",4497
290,1866471,雷神 Thor,7.2,346046,"导演: 肯尼思·布拉纳
主演: 克里斯·海姆斯沃斯 / 娜塔莉·波特曼 / 汤姆·希德勒斯顿
类型: 动作 / 奇幻 / 冒险
制片国家/地区: 美国
年份: 2011",449.3
291,1302987,珍珠港 Pearl Harbor,8.1,271545,"导演: 迈克尔·贝
主演: 本·阿弗莱克 / 乔什·哈奈特 / 凯特·贝金赛尔
类型: 剧情 / 历史 / 爱情 / 战争
制片国家/地区: 美国
年份: 2001",449.2
292,1294766,泰山 Tarzan,7.7,105724,"导演: 克里斯·巴克 / 凯文·利玛
主演: 布耐恩·布莱塞得 / 格伦·克洛斯 / 明妮·德里弗
类型: 动画 / 冒险 / 剧情 / 家庭
制片国家/地区: 美国
年份: 1999",448.2
293,1295280,黑衣人2 Men in Black II,7.8,224224,"导演: 巴里·索南菲尔德
主演: 威尔·史密斯 / 汤米·李·琼斯 / 约翰尼·诺克斯维尔
类型: 动作 / 喜剧 / 科幻
制片国家/地区: 美国
年份: 2002",4451
294,1578507,谍影重重3 The Bourne Ultimatum,8.8,430910,"导演: 保罗·格林格拉斯
主演: 马特·达蒙 / 朱丽娅·斯蒂尔斯 / 大卫·斯特雷泽恩
类型: 动作 / 悬疑 / 惊悚
制片国家/地区: 美国/德国/法国/英国
年份: 2007",4441
295,1298586,木乃伊归来 The Mummy Returns,7.6,144191,"导演: 斯蒂芬·索莫斯
主演: 布兰登·费舍 / 蕾切尔·薇兹 / 约翰·汉纳
类型: 动作 / 冒险 / 奇幻
制片国家/地区: 美国
年份: 2001",4432
296,3071461,鼠来宝2：明星俱乐部 Alvin and the Chipmunks: The Squeakquel,7.2,34437,"导演: 贝蒂·托马斯
主演: 扎克瑞·莱维 / 大卫·克罗斯 / 杰森·李
类型: 动画 / 喜剧 / 家庭 / 奇幻 / 音乐
制片国家/地区: 美国
年份: 2009",443.1
297,6860160,悲惨世界 Les Misérables,8.7,344249,"导演: 汤姆·霍伯
主演: 休·杰克曼 / 罗素·克劳 / 安妮·海瑟薇
类型: 剧情 / 爱情 / 歌舞
制片国家/地区: 英国/美国
年份: 2012",4422
298,1293755,驱魔人 The Exorcist,7.7,81178,"导演: 威廉·弗莱德金
主演: 艾伦·伯斯汀 / 马克斯·冯·叙多夫 / 李·科布
类型: 恐怖
制片国家/地区: 美国
年份: 1973",441.3
299,1295006,窈窕奶爸 Mrs. Doubtfire,7.8,16488,"导演: 克里斯·哥伦布
主演: 罗宾·威廉姆斯 / 莎莉·菲尔德 / 皮尔斯·布鲁斯南
类型: 喜剧 / 剧情 / 家庭
制片国家/地区: 美国
年份: 1993",441.2
300,3338862,终结者：创世纪 Terminator Genisys,6.9,152707,"导演: 阿兰·泰勒
主演: 阿诺·施瓦辛格 / 杰森·克拉克 / 艾米莉亚·克拉克
类型: 动作 / 科幻 / 冒险
制片国家/地区: 美国
年份: 2015",440.6
301,33455421,疾速追杀4 John Wick: Chapter 4,7.3,139336,"导演: 查德·斯塔赫斯基
主演: 基努·里维斯 / 甄子丹 / 伊恩·麦柯肖恩
类型: 动作 / 犯罪 / 惊悚
制片国家/地区: 美国
年份: 2023",4401
302,2131940,魔兽 Warcraft,7.7,317320,"导演: 邓肯·琼斯
主演: 崔维斯·费米尔 / 托比·凯贝尔 / 宝拉·巴顿
类型: 动作 / 奇幻 / 冒险
制片国家/地区: 美国/中国大陆/加拿大/日本
年份: 2016",439.0
303,26634250,变形金刚：超能勇士崛起 Transformers: Rise of the Beasts,5.8,165445,"导演: 小斯蒂芬·卡普尔
主演: 安东尼·拉莫斯 / 多米尼克·菲什巴克 / 彼得·库伦
类型: 动作 / 科幻 / 冒险
制片国家/地区: 美国
年份: 2023",4389
304,4058933,一个明星的诞生 A Star Is Born,7.4,125198,"导演: 布莱德利·库珀
主演:  / 布莱德利·库珀 / 山姆·艾里奥特
类型: 剧情 / 爱情 / 音乐
制片国家/地区: 美国
年份: 2018",4361
305,3914513,马戏之王 The Greatest Showman,7.7,205132,"导演: 迈克尔·格雷西
主演: 休·杰克曼 / 米歇尔·威廉姆斯 / 扎克·埃夫隆
类型: 剧情 / 传记 / 歌舞
制片国家/地区: 美国
年份: 2017",4357
306,1305333,终结者3 Terminator 3: Rise of the Machines,7.4,127524,"导演: 乔纳森·莫斯托
主演: 阿诺·施瓦辛格 / 尼克·斯塔尔 / 克莱尔·丹尼斯
类型: 动作 / 科幻 / 惊悚
制片国家/地区: 美国/德国/英国
年份: 2003",433.4
307,30394797,尚气与十环传奇 Shang-Chi and the Legend of the Ten Rings,6,224103,"导演: 德斯汀·克里顿
主演: 刘思慕 / 梁朝伟 / 奥卡菲娜
类型: 动作 / 科幻 / 奇幻 / 冒险
制片国家/地区: 美国/澳大利亚
年份: 2021",4322
308,1303773,007之择日而亡 Die Another Day,7.3,47041,"导演: 李·塔玛霍瑞
主演: 皮尔斯·布鲁斯南 / 哈莉·贝瑞 / 托比·斯蒂芬斯
类型: 动作 / 惊悚 / 冒险
制片国家/地区: 英国/美国
年份: 2002",432.0
309,26848167,爱宠大机密2 The Secret Life of Pets 2,6.8,134450,"导演: 克里斯·雷纳德
主演: 帕顿·奥斯瓦尔特 / 凯文·哈特 / 哈里森·福特
类型: 喜剧 / 动画 / 冒险
制片国家/地区: 美国
年份: 2019",4300
310,1298653,荒岛余生 Cast Away,8.6,283297,"导演: 罗伯特·泽米吉斯
主演: 汤姆·汉克斯 / 海伦·亨特 / 克里斯·诺斯
类型: 冒险 / 剧情
制片国家/地区: 美国
年份: 2000",429.6
311,26430636,狂暴巨兽 Rampage,6.3,165266,"导演: 布拉德·佩顿
主演: 道恩·强森 / 娜奥米·哈里斯 / 杰弗里·迪恩·摩根
类型: 动作 / 科幻 / 冒险
制片国家/地区: 美国
年份: 2018",428.0
312,1302467,黑客帝国3：矩阵革命 The Matrix Revolutions,8.8,459091,"导演: 拉娜·沃卓斯基 / 莉莉·沃卓斯基
主演: 基努·里维斯 / 劳伦斯·菲什伯恩 / 凯瑞-安·莫斯
类型: 动作 / 科幻
制片国家/地区: 美国
年份: 2003",4273
313,6786002,触不可及 Intouchables,9.3,1158538,"导演: 奥利维埃·纳卡什 / 埃里克·托莱达诺
主演: 弗朗索瓦·克鲁塞 / 奥玛·希 / 安娜·勒尼
类型: 剧情 / 喜剧
制片国家/地区: 法国
年份: 2011",426.6
314,4014397,绝地战警：疾速追击 Bad Boys for Life,5.6,37040,"导演: 阿迪尔·埃尔·阿比 / 比拉勒·法拉赫
主演: 威尔·史密斯 / 马丁·劳伦斯 / 凡妮莎·哈金斯
类型: 喜剧 / 动作 / 犯罪
制片国家/地区: 美国/墨西哥
年份: 2020",4265
315,6307447,被解救的姜戈 Django Unchained,8.8,628251,"导演: 昆汀·塔伦蒂诺
主演: 杰米·福克斯 / 莱昂纳多·迪卡普里奥 / 克里斯托弗·瓦尔兹
类型: 剧情 / 动作 / 西部 / 冒险
制片国家/地区: 美国
年份: 2012",4260
316,1297995,美女与野兽 Beauty and the Beast,8.5,193211,"导演: 加里·特洛斯达勒 / 柯克·维斯
主演: 佩吉·奥哈拉 / 罗比·本森 / 理查德·怀特
类型: 喜剧 / 爱情 / 动画 / 歌舞 / 奇幻
制片国家/地区: 美国
年份: 1991",4249
317,1293764,与狼共舞 Dances with Wolves,8.9,83397,"导演: 凯文·科斯特纳
主演: 凯文·科斯特纳 / 玛丽·麦克唐纳 / 格雷厄姆·格林
类型: 剧情 / 西部 / 冒险
制片国家/地区: 美国/英国
年份: 1990",424.2
318,35051512,我和我的家乡,7,668320,"导演: 宁浩 / 徐峥 / 陈思诚 / 闫非 / 彭大魔 / 邓超 / 俞白眉
主演: 葛优 / 黄渤 / 范伟
类型: 剧情 / 喜剧
制片国家/地区: 中国大陆
年份: 2020",4223
319,1585236,纳尼亚传奇2：凯斯宾王子 The Chronicles of Narnia: Prince Caspian,7.1,94465,"导演: 安德鲁·亚当森
主演: 乔芝·韩莉 / 斯堪德·凯恩斯 / 安娜·帕波维尔
类型: 动作 / 奇幻 / 冒险
制片国家/地区: 美国/波兰/斯洛文尼亚/捷克
年份: 2008",419.7
320,2082013,欲望都市 Sex and the City,7.7,104591,"导演: 迈克尔·帕特里克·金
主演: 莎拉·杰茜卡·帕克 / 金·凯特罗尔 / 克里斯汀·戴维斯
类型: 喜剧 / 剧情 / 爱情
制片国家/地区: 美国
年份: 2008",4187
321,30295905,中国机长,6.6,741851,"导演: 刘伟强
主演: 张涵予 / 欧豪 / 杜江
类型: 剧情 / 传记 / 灾难
制片国家/地区: 中国大陆
年份: 2019",4172
322,1295229,木乃伊 The Mummy,7.9,197009,"导演: 斯蒂芬·索莫斯
主演: 布兰登·费舍 / 蕾切尔·薇兹 / 约翰·汉纳
类型: 剧情 / 动作 / 奇幻 / 冒险
制片国家/地区: 美国/英国/摩洛哥
年份: 1999",415.9
323,2131291,纳尼亚传奇3：黎明踏浪号 The Chronicles of Narnia: The Voyage of the Dawn Treader,6.9,76203,"导演: 迈克尔·艾普特
主演: 本·巴恩斯 / 斯堪德·凯恩斯 / 乔芝·韩莉
类型: 剧情 / 奇幻 / 冒险
制片国家/地区: 美国
年份: 2010",415.7
324,26266072,谍影重重5 Jason Bourne,7.5,200279,"导演: 保罗·格林格拉斯
主演: 马特·达蒙 / 汤米·李·琼斯 / 艾丽西亚·维坎德
类型: 动作 / 悬疑 / 惊悚
制片国家/地区: 美国/中国大陆/西班牙
年份: 2016",415.5
325,3718424,金刚狼2 The Wolverine,6.7,206432,"导演: 詹姆斯·曼高德
主演: 休·杰克曼 / 冈本多绪 / 福岛莉拉
类型: 动作 / 科幻
制片国家/地区: 美国/英国
年份: 2013",414.8
326,24405378,王牌特工：特工学院 Kingsman: The Secret Service,8.4,681742,"导演: 马修·沃恩
主演: 塔伦·埃哲顿 / 科林·费尔斯 / 塞缪尔·杰克逊
类型: 喜剧 / 动作 / 冒险
制片国家/地区: 英国/美国
年份: 2014",414.4
327,2257732,博物馆奇妙夜2 Night at the Museum: Battle of the Smithsonian,7.2,179563,"导演: 肖恩·利维
主演: 本·斯蒂勒 / 艾米·亚当斯 / 欧文·威尔逊
类型: 喜剧 / 动作 / 奇幻 / 冒险
制片国家/地区: 美国/加拿大
年份: 2009",413.1
328,1297970,蝙蝠侠 Batman,7.5,61745,"导演: 蒂姆·波顿
主演: 迈克尔·基顿 / 杰克·尼科尔森 / 金·贝辛格
类型: 动作 / 冒险
制片国家/地区: 美国/英国
年份: 1989",411.3
329,1299362,保镖 The Bodyguard,7.9,81668,"导演: 米克·杰克逊
主演: 凯文·科斯特纳 / 惠特尼·休斯顿 / 加里·凯普
类型: 剧情 / 动作 / 爱情 / 惊悚 / 音乐
制片国家/地区: 美国
年份: 1992",411.0
330,5323968,环太平洋 Pacific Rim,7.8,480666,"导演: 吉尔莫·德尔·托罗
主演: 查理·汉纳姆 / 菊地凛子 / 伊德里斯·艾尔巴
类型: 动作 / 科幻 / 冒险
制片国家/地区: 美国
年份: 2013",411.0
331,26378579,王牌特工2：黄金圈 Kingsman: The Golden Circle,6.8,346021,"导演: 马修·沃恩
主演: 塔伦·埃哲顿 / 科林·费尔斯 / 马克·斯特朗
类型: 喜剧 / 动作 / 冒险
制片国家/地区: 英国/美国
年份: 2017",410.9
332,20451290,新木乃伊 The Mummy,4.8,131772,"导演: 艾里克斯·库兹曼
主演: 汤姆·克鲁斯 / 罗素·克劳 / 安娜贝拉·沃丽丝
类型: 动作 / 奇幻 / 冒险
制片国家/地区: 美国/中国大陆/日本
年份: 2017",409.2
333,25797778,冰川时代5：星际碰撞 Ice Age: Collision Course,7.2,93595,"导演: 麦克·特米尔 / 加仑·T·楚
主演: 西蒙·佩吉 / 洁茜J / 杰西·泰勒·弗格森
类型: 喜剧 / 动画 / 冒险
制片国家/地区: 美国
年份: 2016",408.6
334,2268359,暮光之城 Twilight,7.6,498832,"导演: 凯瑟琳·哈德威克
主演: 克里斯汀·斯图尔特 / 罗伯特·帕丁森 / 比利·伯克
类型: 剧情 / 爱情 / 惊悚 / 奇幻
制片国家/地区: 美国
年份: 2008",4084
335,1298328,天兆 Signs,6.5,19253,"导演: M·奈特·沙马兰
主演: 梅尔·吉布森 / 华金·菲尼克斯 / 罗瑞·卡尔金
类型: 剧情 / 悬疑 / 科幻 / 惊悚
制片国家/地区: 美国
年份: 2002",408.2
336,26962981,欢乐好声音2 Sing 2,7,41319,"导演: 加斯·詹宁斯
主演: 马修·麦康纳 / 瑞茜·威瑟斯彭 / 塔伦·埃哲顿
类型: 喜剧 / 动画 / 冒险 / 歌舞
制片国家/地区: 美国
年份: 2021",4077
337,1305724,X战警2 X2,7.7,235753,"导演: 布莱恩·辛格
主演: 帕特里克·斯图尔特 / 休·杰克曼 / 伊恩·麦克莱恩
类型: 动作 / 科幻 / 惊悚
制片国家/地区: 美国/加拿大
年份: 2003",407.7
338,26147418,神奇动物：邓布利多之谜 Fantastic Beasts: The Secrets of Dumbledore,5.8,222173,"导演: 大卫·叶茨
主演: 埃迪·雷德梅恩 / 裘德·洛 / 麦斯·米科尔森
类型: 奇幻 / 冒险
制片国家/地区: 英国/美国
年份: 2022",4071
339,3822687,神秘海域 Uncharted,6,116009,"导演: 鲁本·弗雷斯彻
主演: 汤姆·赫兰德 / 马克·沃尔伯格 / 索菲娅·阿里
类型: 动作 / 冒险
制片国家/地区: 美国
年份: 2022",4071
340,2997076,华尔街之狼 The Wolf of Wall Street,8.1,453639,"导演: 马丁·斯科塞斯
主演: 莱昂纳多·迪卡普里奥 / 乔纳·希尔 / 玛格特·罗比
类型: 剧情 / 传记 / 犯罪
制片国家/地区: 美国
年份: 2013",4068
341,35083986,刺猬索尼克2 Sonic the Hedgehog 2,5.7,12899,"导演: 杰夫·福勒
主演: 詹姆斯·麦斯登 / 金·凯瑞 / 本·施瓦茨
类型: 喜剧 / 动作 / 科幻 / 动画 / 冒险
制片国家/地区: 美国/日本
年份: 2022",4054
342,1652592,阿丽塔：战斗天使 Alita: Battle Angel,7.5,608972,"导演: 罗伯特·罗德里格兹
主演: 罗莎·萨拉查 / 克里斯托弗·瓦尔兹 / 基恩·约翰逊
类型: 动作 / 科幻 / 冒险
制片国家/地区: 美国/日本/加拿大
年份: 2019",404.9
343,1997679,木乃伊3 The Mummy: Tomb of the Dragon Emperor,5.7,116251,"导演: 罗伯·科恩
主演: 布兰登·费舍 / 李连杰 / 玛丽亚·贝罗
类型: 动作 / 冒险 / 奇幻 / 惊悚
制片国家/地区: 美国/德国
年份: 2008",4034
344,3771562,普罗米修斯 Prometheus,7.6,364934,"导演: 雷德利·斯科特
主演: 劳米·拉佩斯 / 迈克尔·法斯宾德 / 查理兹·塞隆
类型: 科幻 / 惊悚 / 冒险
制片国家/地区: 美国/英国
年份: 2012",403.4
345,1300267,乱世佳人 Gone with the Wind,9.3,713358,"导演: 维克多·弗莱明 / 乔治·库克 / 山姆·伍德
主演: 费雯·丽 / 克拉克·盖博 / 奥利维娅·德哈维兰
类型: 剧情 / 历史 / 爱情 / 战争
制片国家/地区: 美国
年份: 1939",402.4
346,27050259,妈妈咪呀2 Mamma Mia! Here We Go Again,6.9,27697,"导演: 欧·帕克
主演: 莉莉·詹姆斯 / 阿曼达·塞弗里德 / 朱丽·沃特斯
类型: 喜剧 / 爱情 / 歌舞
制片国家/地区: 英国/美国
年份: 2018",4022
347,30223888,永恒族 Eternals,5.8,137585,"导演: 赵婷
主演: 嘉玛·陈 / 理查德·麦登 / 安吉丽娜·朱莉
类型: 动作 / 科幻 / 奇幻 / 冒险
制片国家/地区: 美国
年份: 2021",4020
348,3001114,沙丘 Dune,7.7,617014,"导演: 丹尼斯·维伦纽瓦
主演: 提莫西·查拉梅 / 丽贝卡·弗格森 / 奥斯卡·伊萨克
类型: 剧情 / 科幻 / 冒险
制片国家/地区: 美国
年份: 2021",4018
349,2997134,创：战纪 TRON: Legacy,6.7,108527,"导演: 约瑟夫·科辛斯基
主演: 加内特·赫德兰 / 奥利维亚·王尔德 / 杰夫·布里吉斯
类型: 动作 / 科幻 / 冒险
制片国家/地区: 美国
年份: 2010",400.1
350,1401533,碟中谍3 Mission: Impossible III,7.6,203140,"导演: J·J·艾布拉姆斯
主演: 汤姆·克鲁斯 / 菲利普·塞默·霍夫曼 / 文·瑞姆斯
类型: 动作 / 冒险 / 惊悚
制片国家/地区: 美国/德国/中国大陆/意大利
年份: 2006",3984
351,5327463,白雪公主与猎人 Snow White and the Huntsman,5.6,73244,"导演: 鲁伯特·桑德斯
主演: 克里斯·海姆斯沃斯 / 克里斯汀·斯图尔特 / 查理兹·塞隆
类型: 动作 / 奇幻 / 冒险
制片国家/地区: 美国/英国
年份: 2012",3965
352,1300993,油脂 Grease,7.4,7052,"导演: 兰德尔·克莱泽
主演: 约翰·特拉沃尔塔 / 奥莉维亚·纽顿-约翰 / 斯托卡特·詹宁
类型: 歌舞 / 爱情
制片国家/地区: 美国
年份: 1978",3962
353,1291575,玩具总动员 Toy Story,8.6,383551,"导演: 约翰·拉塞特
主演: 汤姆·汉克斯 / 蒂姆·艾伦 / 唐·里克斯
类型: 喜剧 / 动画 / 家庭
制片国家/地区: 美国
年份: 1995",3944
354,26959697,黑亚当 Black Adam,5.6,79201,"导演: 佐米·希尔拉
主演: 道恩·强森 / 阿尔迪斯·霍吉 / 皮尔斯·布鲁斯南
类型: 动作 / 科幻 / 奇幻 / 冒险
制片国家/地区: 美国/加拿大/新西兰/匈牙利
年份: 2022",3932
355,25900947,游侠索罗：星球大战外传 Solo: A Star Wars Story,6.8,63265,"导演: 朗·霍华德
主演: 阿尔登·埃伦瑞奇 / 艾米莉亚·克拉克 / 伍迪·哈里森
类型: 动作 / 科幻 / 冒险
制片国家/地区: 美国
年份: 2018",392.9
356,1418191,超人归来 Superman Returns,6.7,81577,"导演: 布莱恩·辛格
主演: 布兰登·罗斯 / 凯特·波茨沃斯 / 凯文·史派西
类型: 动作 / 科幻 / 冒险
制片国家/地区: 美国/澳大利亚
年份: 2006",391.1
357,1294111,侠盗王子罗宾汉 Robin Hood: Prince of Thieves,7.2,5719,"导演: 凯文·雷诺兹
主演: 凯文·科斯特纳 / 摩根·弗里曼 / 玛丽·伊丽莎白·马斯特兰托尼奥
类型: 剧情 / 动作 / 冒险
制片国家/地区: 美国/英国
年份: 1991",390.5
358,1296717,夺宝奇兵 Raiders of the Lost Ark,7.9,102966,"导演: 史蒂文·斯皮尔伯格
主演: 哈里森·福特 / 凯伦·阿兰 / 保罗·弗里曼
类型: 动作 / 冒险
制片国家/地区: 美国
年份: 1981",389.9
359,4811813,独立日2：卷土重来 Independence Day: Resurgence,5.7,120995,"导演: 罗兰·艾默里奇
主演: 利亚姆·海姆斯沃斯 / 杰夫·高布伦 / 麦卡·梦露
类型: 动作 / 科幻 / 冒险
制片国家/地区: 美国
年份: 2016",389.7
360,1401535,虎胆龙威4 Live Free or Die Hard,7.7,78129,"导演: 伦·怀斯曼
主演: 布鲁斯·威利斯 / 蒂莫西·奥利芬特 / 贾斯汀·朗
类型: 动作 / 犯罪 / 惊悚
制片国家/地区: 美国/英国
年份: 2007",3881
361,25723907,捉妖记,6.7,544405,"导演: 许诚毅
主演: 白百何 / 井柏然 / 姜武
类型: 喜剧 / 奇幻 / 古装
制片国家/地区: 中国大陆/中国香港
年份: 2015",3870
362,25890017,哥斯拉2：怪兽之王 Godzilla: King of the Monsters,6.2,276134,"导演: 迈克尔·道赫蒂
主演: 凯尔·钱德勒 / 维拉·法米加 / 米莉·波比·布朗
类型: 动作 / 科幻 / 冒险 / 灾难
制片国家/地区: 美国/日本/中国大陆/加拿大
年份: 2019",3866
363,10827341,疯狂外星人 Home,7.4,79724,"导演: 提姆·约翰森
主演: 吉姆·帕森斯 / 蕾哈娜 / 史蒂夫·马丁
类型: 喜剧 / 科幻 / 动画 / 冒险
制片国家/地区: 美国
年份: 2015",386.0
364,2132932,星际迷航 Star Trek,8.1,173097,"导演: J·J·艾布拉姆斯
主演: 克里斯·派恩 / 扎克瑞·昆图 / 伦纳德·尼莫伊
类型: 动作 / 冒险 / 科幻
制片国家/地区: 美国/德国
年份: 2009",385.7
365,30252495,1917,8.5,516991,"导演: 萨姆·门德斯
主演: 乔治·麦凯 / 迪恩-查尔斯·查普曼 / 科林·费尔斯
类型: 剧情 / 战争
制片国家/地区: 美国/英国/印度/西班牙/加拿大/中国大陆
年份: 2019",3849
366,1760027,快乐的大脚 Happy Feet,7.5,84977,"导演: 乔治·米勒 / 沃伦·科尔曼 / 朱迪·莫里斯
主演: 伊利亚·伍德 / 布莱特妮·墨菲 / 休·杰克曼
类型: 动画 / 冒险 / 喜剧 / 家庭 / 音乐 / 爱情
制片国家/地区: 澳大利亚/美国
年份: 2006",384.3
367,26374197,蜘蛛侠：平行宇宙 Spider-Man: Into the Spider-Verse,8.6,690827,"导演: 鲍勃·佩尔西凯蒂 / 彼得·拉姆齐 / 罗德尼·罗斯曼
主演: 沙梅克·摩尔 / 杰克·约翰逊 / 海莉·斯坦菲尔德
类型: 动作 / 科幻 / 动画 / 冒险
制片国家/地区: 美国
年份: 2018",3842
368,25849480,赛车总动员3：极速挑战 Cars 3,7,57977,"导演: 布莱恩·菲
主演: 欧文·威尔逊 / 克里斯黛拉·阿朗索 / 克里斯·库珀
类型: 喜剧 / 动画 / 冒险
制片国家/地区: 美国
年份: 2017",383.9
369,1300555,回到未来 Back to the Future,8.8,220608,"导演: 罗伯特·泽米吉斯
主演: 迈克尔·J·福克斯 / 克里斯托弗·洛伊德 / 莉·汤普森
类型: 喜剧 / 科幻 / 冒险
制片国家/地区: 美国
年份: 1985",3833
370,1291578,冰川时代 Ice Age,8.6,634327,"导演: 卡洛斯·沙尔丹哈 / 克里斯·韦奇
主演: 雷·罗马诺 / 约翰·雷吉扎莫 / 丹尼斯·利瑞
类型: 喜剧 / 动画 / 冒险
制片国家/地区: 美国
年份: 2002",383.2
371,26683290,你的名字。 君の名は。,8.5,1448282,"导演: 新海诚
主演: 神木隆之介 / 上白石萌音 / 长泽雅美
类型: 剧情 / 爱情 / 动画
制片国家/地区: 日本
年份: 2016",3822
372,26323031,五十度黑 Fifty Shades Darker,5.7,79099,"导演: 詹姆斯·弗雷
主演: 达科塔·约翰逊 / 詹米·多南 / 埃里克·约翰逊
类型: 剧情 / 爱情 / 情色
制片国家/地区: 美国
年份: 2017",381.5
373,2028650,大战外星人 Monsters vs. Aliens,6.9,31087,"导演: 罗伯·莱特曼 / 康拉德·弗农
主演: 瑞茜·威瑟斯彭 / 塞斯·罗根 / 休·劳瑞
类型: 动画 / 动作 / 冒险 / 喜剧 / 家庭 / 科幻
制片国家/地区: 美国
年份: 2009",381.5
374,3819860,夺宝奇兵5：命运转盘 Indiana Jones and the Dial of Destiny,7,52410,"导演: 詹姆斯·曼高德
主演: 哈里森·福特 / 菲比·沃勒-布里奇 / 安东尼奥·班德拉斯
类型: 动作 / 冒险
制片国家/地区: 美国
年份: 2023",3810
375,3592854,疯狂的麦克斯4：狂暴之路 Mad Max: Fury Road,8.7,546860,"导演: 乔治·米勒
主演: 汤姆·哈迪 / 查理兹·塞隆 / 尼古拉斯·霍尔特
类型: 动作 / 科幻 / 冒险
制片国家/地区: 澳大利亚/美国
年份: 2015",3800
376,25828589,黑寡妇 Black Widow,6.2,206220,"导演: 凯特·绍特兰
主演: 斯嘉丽·约翰逊 / 弗洛伦丝·皮尤 / 蕾切尔·薇兹
类型: 动作 / 科幻 / 冒险
制片国家/地区: 美国
年份: 2021",3797
377,1295292,哥斯拉 Godzilla,7.2,82855,"导演: 罗兰·艾默里奇
主演: 马修·布罗德里克 / 让·雷诺 / 玛丽亚·皮提罗
类型: 动作 / 科幻 / 冒险 / 灾难
制片国家/地区: 美国/日本
年份: 1998",379.0
378,1292553,真实的谎言 True Lies,8.3,160477,"导演: 詹姆斯·卡梅隆
主演: 阿诺·施瓦辛格 / 杰米·李·柯蒂斯 / 汤姆·阿诺德
类型: 喜剧 / 动作 / 惊悚
制片国家/地区: 美国
年份: 1994",378.9
379,2209573,贫民窟的百万富翁 Slumdog Millionaire,8.6,761424,"导演: 丹尼·博伊尔 / 洛芙琳·坦丹
主演: 戴夫·帕特尔 / 沙鲁巴·舒克拉 / 亚尼·卡普
类型: 剧情 / 爱情
制片国家/地区: 英国
年份: 2008",3780
380,27087724,好莱坞往事 Once Upon a Time... in Hollywood,7.3,242433,"导演: 昆汀·塔伦蒂诺
主演: 莱昂纳多·迪卡普里奥 / 布拉德·皮特 / 玛格特·罗比
类型: 剧情 / 喜剧
制片国家/地区: 美国/英国/中国大陆
年份: 2019",3776
381,3606971,飓风营救2 Taken 2,6.9,117031,"导演: 奥利维尔·米加顿
主演: 连姆·尼森 / 玛姬·格蕾斯 / 法米克·詹森
类型: 剧情 / 动作 / 犯罪
制片国家/地区: 法国/美国
年份: 2012",376.1
382,4301181,特种部队2：全面反击 G.I. Joe: Retaliation,6.6,108718,"导演: 朱浩伟
主演: 道恩·强森 / 雷·帕克 / 李秉宪
类型: 动作 / 科幻
制片国家/地区: 美国
年份: 2013",375.7
383,1308757,鲨鱼黑帮 Shark Tale,7.1,43827,"导演: 毕鲍·鲍格朗 / 维基·詹森 / 罗伯·莱特曼
主演: 威尔·史密斯 / 罗伯特·德尼罗 / 蕾妮·齐薇格
类型: 喜剧 / 动画 / 冒险
制片国家/地区: 美国
年份: 2004",3745
384,1295078,偷听女人心 What Women Want,7.1,38544,"导演: 南希·迈耶斯
主演: 梅尔·吉布森 / 海伦·亨特 / 玛丽莎·托梅
类型: 喜剧 / 奇幻 / 爱情
制片国家/地区: 美国
年份: 2000",374.1
385,2028669,丁丁历险记 The Adventures of Tintin: The Secret of the Unicorn,7.7,131066,"导演: 史蒂文·斯皮尔伯格
主演: 杰米·贝尔 / 安迪·瑟金斯 / 丹尼尔·克雷格
类型: 动作 / 动画 / 悬疑 / 冒险
制片国家/地区: 美国/新西兰/英国/法国/澳大利亚
年份: 2011",374.0
386,1309069,蝙蝠侠：侠影之谜 Batman Begins,8.6,421546,"导演: 克里斯托弗·诺兰
主演: 克里斯蒂安·贝尔 / 迈克尔·凯恩 / 连姆·尼森
类型: 剧情 / 动作 / 科幻 / 犯罪 / 惊悚
制片国家/地区: 美国/英国
年份: 2005",3736
387,11810348,马达加斯加的企鹅 Penguins of Madagascar,7.8,156448,"导演: 埃里克·达尼尔 / 西蒙·J·史密斯
主演: 汤姆·麦格拉思 / 克里斯·米勒 / 克里斯多夫·奈茨
类型: 喜剧 / 动画 / 冒险
制片国家/地区: 美国
年份: 2014",3735
388,1792928,金刚狼 X-Men Origins: Wolverine,7.6,279140,"导演: 加文·胡德
主演: 休·杰克曼 / 列维·施瑞博尔 / 丹尼·赫斯顿
类型: 动作 / 科幻
制片国家/地区: 美国/英国
年份: 2009",373.1
389,1585146,黄金罗盘 The Golden Compass,6.5,87479,"导演: 克里斯·韦兹
主演: 妮可·基德曼 / 丹尼尔·克雷格 / 达科塔·布鲁·理查兹
类型: 冒险 / 家庭 / 奇幻
制片国家/地区: 美国/英国
年份: 2007",372.2
390,0,,0,0,"",371.9
391,1309020,全民情敌 Hitch,7.5,114267,"导演: 安迪·坦纳特
主演: 威尔·史密斯 / 伊娃·门德斯 / 凯文·詹姆斯
类型: 喜剧 / 爱情
制片国家/地区: 美国
年份: 2005",3715
392,1410556,终结者2018 Terminator Salvation,6.7,100127,"导演: 约瑟夫·麦克金提·尼彻
主演: 克里斯蒂安·贝尔 / 萨姆·沃辛顿 / 穆恩·布拉得古德
类型: 动作 / 冒险 / 科幻 / 惊悚
制片国家/地区: 美国/德国/英国/意大利
年份: 2009",371.4
393,2138838,美国队长 Captain America: The First Avenger,7.2,379067,"导演: 乔·庄斯顿
主演: 克里斯·埃文斯 / 海莉·阿特维尔 / 塞巴斯蒂安·斯坦
类型: 动作 / 科幻 / 冒险
制片国家/地区: 美国
年份: 2011",370.6
394,4746257,明日边缘 Edge of Tomorrow,8.2,487693,"导演: 道格·里曼
主演: 汤姆·克鲁斯 / 艾米莉·布朗特 / 布莱丹·格里森
类型: 动作 / 科幻
制片国家/地区: 美国/加拿大
年份: 2014",370.5
395,1294165,我为玛丽狂 There's Something About Mary,6.9,21837,"导演: 博比·法雷里 / 彼得·法雷里
主演: 卡梅隆·迪亚兹 / 马特·狄龙 / 本·斯蒂勒
类型: 喜剧 / 爱情
制片国家/地区: 美国
年份: 1998",369.9
396,21318488,消失的爱人 Gone Girl,8.7,986625,"导演: 大卫·芬奇
主演: 本·阿弗莱克 / 裴淳华 / 尼尔·帕特里克·哈里斯
类型: 剧情 / 犯罪 / 悬疑 / 惊悚
制片国家/地区: 美国
年份: 2014",369.3
397,1297229,亡命天涯 The Fugitive,8.1,40375,"导演: 安德鲁·戴维斯
主演: 哈里森·福特 / 汤米·李·琼斯 / 雪拉·渥德
类型: 动作 / 犯罪 / 剧情 / 悬疑 / 惊悚
制片国家/地区: 美国
年份: 1993",368.9
398,1304643,侏罗纪公园3 Jurassic Park III,7.4,124695,"导演: 乔·庄斯顿
主演: 山姆·尼尔 / 威廉姆·H·梅西 / 蒂娅·里欧妮
类型: 动作 / 冒险 / 科幻 / 惊悚
制片国家/地区: 美国
年份: 2001",368.8
399,1299576,我盛大的希腊婚礼 My Big Fat Greek Wedding,6.9,19322,"导演: 乔尔·兹维克
主演: 妮娅·瓦达拉斯 / 迈克尔·康斯坦丁 / 莱妮·卡赞
类型: 喜剧 / 爱情
制片国家/地区: 美国/加拿大
年份: 2002",368.7
400,2244426,雷霆沙赞！ Shazam!,6.2,259052,"导演: 大卫·F·桑德伯格
主演: 扎克瑞·莱维 / 马克·斯特朗 / 亚瑟·安其
类型: 动作 / 奇幻 / 冒险
制片国家/地区: 美国/加拿大
年份: 2019",3677
401,27605698,西虹市首富,6.6,1033720,"导演: 闫非 / 彭大魔
主演: 沈腾 / 宋芸桦 / 张一鸣
类型: 喜剧
制片国家/地区: 中国大陆
年份: 2018",3669
402,1299837,虎胆龙威3 Die Hard: With a Vengeance,7.9,57039,"导演: 约翰·麦克蒂尔南
主演: 布鲁斯·威利斯 / 杰瑞米·艾恩斯 / 塞缪尔·杰克逊
类型: 动作 / 惊悚 / 冒险
制片国家/地区: 美国
年份: 1995",366.1
403,26825664,修女 The Nun,6.1,62893,"导演: 科林·哈迪
主演: 德米安·比齐尔 / 泰莎·法米加 / 乔纳斯·布洛凯
类型: 悬疑 / 惊悚 / 恐怖
制片国家/地区: 美国/罗马尼亚
年份: 2018",365.6
404,2139553,鼠来宝 Alvin and the Chipmunks,7.6,69010,"导演: 蒂姆·希尔
主演: 杰森·李 / 大卫·克罗斯 / 卡梅隆·理查德森
类型: 喜剧 / 剧情 / 家庭 / 奇幻 / 音乐
制片国家/地区: 美国
年份: 2007",3653
405,30444960,信条 Tenet,7.6,741350,"导演: 克里斯托弗·诺兰
主演: 约翰·大卫·华盛顿 / 罗伯特·帕丁森 / 伊丽莎白·德比齐
类型: 剧情 / 动作 / 科幻
制片国家/地区: 美国/英国
年份: 2020",3653
406,1298038,诺丁山 Notting Hill,8,374654,"导演: 罗杰·米歇尔
主演: 朱莉娅·罗伯茨 / 休·格兰特 / 理查德·麦凯布
类型: 喜剧 / 爱情
制片国家/地区: 英国/美国
年份: 1999",3638
407,1291573,虫虫危机 A Bug's Life,8,100442,"导演: 约翰·拉塞特 / 安德鲁·斯坦顿
主演: 大卫·弗利 / 凯文·史派西 / 茱莉亚·路易斯-德瑞弗斯
类型: 喜剧 / 动画 / 冒险
制片国家/地区: 美国
年份: 1998",363.3
408,21349734,博物馆奇妙夜3 Night at the Museum: Secret of the Tomb,7.3,174904,"导演: 肖恩·利维
主演: 本·斯蒂勒 / 罗宾·威廉姆斯 / 欧文·威尔逊
类型: 喜剧 / 奇幻 / 冒险
制片国家/地区: 美国/英国
年份: 2014",363.2
409,1292344,十二罗汉 Ocean's Twelve,7.3,116848,"导演: 史蒂文·索德伯格
主演: 乔治·克鲁尼 / 布拉德·皮特 / 凯瑟琳·泽塔-琼斯
类型: 犯罪 / 惊悚
制片国家/地区: 美国
年份: 2004",3627
410,1304338,决战猩球 Planet of the Apes,6.9,46955,"导演: 蒂姆·波顿
主演: 马克·沃尔伯格 / 蒂姆·罗斯 / 海伦娜·伯翰·卡特
类型: 动作 / 冒险 / 科幻 / 惊悚
制片国家/地区: 美国
年份: 2001",362.2
411,7051900,宿醉3 The Hangover Part III,6.6,66533,"导演: 托德·菲利普斯
主演: 布莱德利·库珀 / 扎克·加利凡纳基斯 / 艾德·赫尔姆斯
类型: 喜剧
制片国家/地区: 美国
年份: 2013",362.0
412,1293174,007之黑日危机 The World Is Not Enough,7.6,52348,"导演: 迈克尔·艾普特
主演: 皮尔斯·布鲁斯南 / 苏菲·玛索 / 罗伯特·卡莱尔
类型: 动作 / 惊悚 / 冒险
制片国家/地区: 英国/美国
年份: 1999",3618
413,26575103,捉妖记2,4.9,367910,"导演: 许诚毅
主演: 梁朝伟 / 白百何 / 井柏然
类型: 喜剧 / 动作 / 奇幻 / 古装
制片国家/地区: 中国大陆/中国香港
年份: 2018",361.7
414,2132930,速度与激情4 Fast & Furious,7.8,179497,"导演: 林诣彬
主演: 范·迪塞尔 / 保罗·沃克 / 米歇尔·罗德里格兹
类型: 动作 / 犯罪
制片国家/地区: 美国
年份: 2009",3603
415,6959152,诺亚方舟：创世之旅 Noah,5.9,27822,"导演: 达伦·阿伦诺夫斯基
主演: 罗素·克劳 / 詹妮弗·康纳利 / 雷·温斯顿
类型: 动作 / 冒险 / 灾难
制片国家/地区: 美国
年份: 2014",3592
416,3074503,功夫梦 The Karate Kid,6.4,98376,"导演: 哈罗德·兹瓦特
主演: 贾登·史密斯 / 成龙 / 塔拉吉·P·汉森
类型: 动作 / 剧情 / 家庭 / 运动
制片国家/地区: 美国/中国大陆
年份: 2010",359.1
417,1293353,小鬼当家2 Home Alone 2: Lost in New York,8.1,173147,"导演: 克里斯·哥伦布
主演: 麦考利·卡尔金 / 乔·佩西 / 丹尼尔·斯特恩
类型: 喜剧 / 犯罪 / 家庭
制片国家/地区: 美国
年份: 1992",3589
418,3269068,精灵旅社 Hotel Transylvania,8.1,277871,"导演: 格恩迪·塔塔科夫斯基
主演: 亚当·桑德勒 / 安迪·萨姆伯格 / 赛琳娜·戈麦斯
类型: 喜剧 / 动画 / 奇幻
制片国家/地区: 美国
年份: 2012",358.4
419,1297689,少数派报告 Minority Report,7.9,173335,"导演: 史蒂文·斯皮尔伯格
主演: 汤姆·克鲁斯 / 科林·法瑞尔 / 马克斯·冯·叙多夫
类型: 科幻 / 犯罪 / 惊悚
制片国家/地区: 美国
年份: 2002",358.4
420,1293799,壮志凌云 Top Gun,7.6,110210,"导演: 托尼·斯科特
主演: 汤姆·克鲁斯 / 凯莉·麦吉利斯 / 方·基默
类型: 剧情 / 动作
制片国家/地区: 美国
年份: 1986",356.8
421,1291561,千与千寻 千と千尋の神隠し,9.4,2307715,"导演: 宫崎骏
主演: 柊瑠美 / 入野自由 / 夏木真理
类型: 剧情 / 动画 / 奇幻
制片国家/地区: 日本
年份: 2001",3572
422,2131669,泰山归来：险战丛林 The Legend of Tarzan,6.1,43386,"导演: 大卫·叶茨
主演: 亚历山大·斯卡斯加德 / 玛格特·罗比 / 塞缪尔·杰克逊
类型: 动作 / 冒险
制片国家/地区: 英国/加拿大/美国/澳大利亚
年份: 2016",356.7
423,1292062,美国丽人 American Beauty,8.5,336528,"导演: 萨姆·门德斯
主演: 凯文·史派西 / 安妮特·贝宁 / 索拉·伯奇
类型: 剧情 / 爱情 / 家庭
制片国家/地区: 美国
年份: 1999",356.3
424,1293785,阿波罗13号 Apollo 13,8.1,36966,"导演: 朗·霍华德
主演: 汤姆·汉克斯 / 比尔·帕克斯顿 / 凯文·贝肯
类型: 冒险 / 剧情 / 历史
制片国家/地区: 美国
年份: 1995",355.2
425,1291870,雨人 Rain Man,8.7,413643,"导演: 巴瑞·莱文森
主演: 达斯汀·霍夫曼 / 汤姆·克鲁斯 / 瓦莱丽亚·戈利诺
类型: 剧情
制片国家/地区: 美国
年份: 1988",354.8
426,34882958,巨齿鲨2：深渊 Meg 2: The Trench,5,140085,"导演: 本·维特利
主演: 杰森·斯坦森 / 吴京 / 蔡书雅
类型: 动作 / 科幻 / 冒险
制片国家/地区: 美国/中国大陆
年份: 2023",3546
427,3364223,了不起的盖茨比 The Great Gatsby,8,667629,"导演: 巴兹·鲁赫曼
主演: 莱昂纳多·迪卡普里奥 / 凯瑞·穆里根 / 托比·马奎尔
类型: 剧情 / 爱情
制片国家/地区: 澳大利亚/美国
年份: 2013",353.6
428,25924056,小飞象 Dumbo,6.5,72716,"导演: 蒂姆·波顿
主演: 伊娃·格林 / 科林·法瑞尔 / 迈克尔·基顿
类型: 奇幻 / 冒险
制片国家/地区: 美国/英国/澳大利亚/加拿大
年份: 2019",3532
429,1308843,我，机器人 I, Robot,8.2,282550,"导演: 亚历克斯·普罗亚斯
主演: 威尔·史密斯 / 布里吉特·莫伊纳汉 / 艾伦·图代克
类型: 动作 / 悬疑 / 科幻 / 惊悚
制片国家/地区: 美国/德国
年份: 2004",3531
430,1291869,本能 Basic Instinct,7.9,162355,"导演: 保罗·范霍文
主演: 迈克尔·道格拉斯 / 莎朗·斯通 / 乔治·杜兹达扎
类型: 剧情 / 悬疑 / 惊悚
制片国家/地区: 美国/法国
年份: 1992",352.9
431,25790761,东方快车谋杀案 Murder on the Orient Express,6.8,315162,"导演: 肯尼思·布拉纳
主演: 肯尼思·布拉纳 / 汤姆·巴特曼 / 米歇尔·菲佛
类型: 剧情 / 犯罪 / 悬疑
制片国家/地区: 马耳他/美国
年份: 2017",352.8
432,3168089,X战警：第一战 X-Men: First Class,8.2,337039,"导演: 马修·沃恩
主演: 詹姆斯·麦卡沃伊 / 迈克尔·法斯宾德 / 凯文·贝肯
类型: 动作 / 剧情 / 科幻
制片国家/地区: 美国/英国
年份: 2011",3526
433,6873736,愤怒的小鸟 Angry Birds,7.2,122678,"导演: 费格尔·雷利 / 克雷·卡提斯
主演: 杰森·苏戴奇斯 / 乔什·加德 / 丹尼·麦克布莱德
类型: 喜剧 / 动画 / 冒险
制片国家/地区: 芬兰/美国
年份: 2016",352.3
434,1292677,007之黄金眼 GoldenEye,7.6,48490,"导演: 马丁·坎贝尔
主演: 皮尔斯·布鲁斯南 / 肖恩·宾 / 伊莎贝拉·斯科鲁普科
类型: 动作 / 冒险 / 惊悚
制片国家/地区: 英国/美国
年份: 1995",352.2
435,1305487,猫鼠游戏 Catch Me If You Can,9.1,1069801,"导演: 史蒂文·斯皮尔伯格
主演: 莱昂纳多·迪卡普里奥 / 汤姆·汉克斯 / 克里斯托弗·沃肯
类型: 传记 / 犯罪 / 剧情
制片国家/地区: 美国/加拿大
年份: 2002",352.1
436,6517421,惊天魔盗团 Now You See Me,7.8,566415,"导演: 路易斯·莱特里尔
主演: 杰西·艾森伯格 / 艾拉·菲舍尔 / 伍迪·哈里森
类型: 剧情 / 犯罪 / 悬疑
制片国家/地区: 美国/法国
年份: 2013",351.7
437,1301746,汉尼拔 Hannibal,8.3,208423,"导演: 雷德利·斯科特
主演: 安东尼·霍普金斯 / 朱丽安·摩尔 / 加里·奥德曼
类型: 犯罪 / 惊悚
制片国家/地区: 英国/美国
年份: 2001",351.7
438,1297570,变相怪杰 The Mask,8,276224,"导演: 查克·拉塞尔
主演: 金·凯瑞 / 彼得·里格特 / 彼得·格林纳
类型: 喜剧 / 奇幻
制片国家/地区: 美国
年份: 1994",351.6
439,26649604,比得兔 Peter Rabbit,7,105328,"导演: 威尔·古勒
主演: 詹姆斯·柯登 / 多姆纳尔·格里森 / 罗丝·伯恩
类型: 喜剧 / 动画 / 冒险
制片国家/地区: 美国/英国/澳大利亚
年份: 2018",351.3
440,1293167,生死时速 Speed,8.2,124663,"导演: 扬·德·邦特
主演: 基努·里维斯 / 桑德拉·布洛克 / 丹尼斯·霍珀
类型: 动作 / 犯罪 / 惊悚 / 冒险
制片国家/地区: 美国
年份: 1994",350.4
441,1298694,恐龙 Dinosaur,7.7,21224,"导演: 埃里克·莱顿 / 拉尔夫·宗戴格
主演: 阿尔法·伍达德 / 奥西·戴维斯 / 马克斯·凯塞拉
类型: 动画 / 冒险
制片国家/地区: 美国
年份: 2000",349.8
442,26611891,欢乐满人间2 Mary Poppins Returns,6.7,11719,"导演: 罗伯·马歇尔
主演: 艾米莉·布朗特 / 梅丽尔·斯特里普 / 科林·费尔斯
类型: 喜剧 / 歌舞 / 家庭
制片国家/地区: 美国
年份: 2018",349.5
443,1293131,天地大冲撞 Deep Impact,7.2,44548,"导演: 米密·莱德
主演: 伊利亚·伍德 / 瓦妮莎·雷德格雷夫 / 摩根·弗里曼
类型: 科幻 / 灾难
制片国家/地区: 美国
年份: 1998",3494
444,3893805,老雷斯的故事 The Lorax,6.9,27212,"导演: 克里斯·雷纳德 / 凯尔·巴尔达
主演: 扎克·埃夫隆 / 泰勒·斯威夫特 / 丹尼·德维托
类型: 动画 / 奇幻 / 家庭
制片国家/地区: 美国/法国
年份: 2012",348.8
445,21349345,移动迷宫 The Maze Runner,7.1,228816,"导演: 韦斯·鲍尔
主演: 迪伦·奥布莱恩 / 阿梅尔·艾米恩 / 李起弘
类型: 动作 / 科幻 / 冒险
制片国家/地区: 美国/英国
年份: 2014",348.3
446,6870493,蓝精灵2 The Smurfs 2,6.6,29014,"导演: 拉加·高斯内尔
主演: 尼尔·帕特里克·哈里斯 / 布莱丹·格里森 / 汉克·阿扎利亚
类型: 喜剧 / 动画 / 奇幻
制片国家/地区: 美国
年份: 2013",347.5
447,1308848,国家宝藏 National Treasure,7.7,156956,"导演: 乔·德特杜巴
主演: 尼古拉斯·凯奇 / 黛安·克鲁格 / 贾斯汀·巴萨
类型: 动作 / 悬疑 / 冒险
制片国家/地区: 美国
年份: 2004",347.5
448,1304642,尖峰时刻2 Rush Hour 2,7.1,83304,"导演: 布莱特·拉特纳
主演: 成龙 / 克里斯·塔克 / 尊龙
类型: 动作 / 喜剧 / 犯罪 / 惊悚
制片国家/地区: 美国
年份: 2001",347.3
449,7065238,魔发精灵 Trolls,7,28748,"导演: 迈克·米切尔 / 沃尔特·道恩
主演: 安娜·肯德里克 / 贾斯汀·汀布莱克 / 佐伊·丹斯切尔
类型: 动画 / 奇幻 / 冒险 / 歌舞
制片国家/地区: 美国
年份: 2016",346.9
450,3230115,极限特工3：终极回归 xXx: Return of Xander Cage,5.6,113067,"导演: D·J·卡卢索
主演: 范·迪塞尔 / 甄子丹 / 迪皮卡·帕度柯妮
类型: 动作 / 冒险
制片国家/地区: 美国
年份: 2017",346.1
451,1301342,风中奇缘 Pocahontas,7.7,36541,"导演: 迈克·加布里尔 / 埃里克·古德伯格
主演: 乔·贝克 / 克里斯蒂安·贝尔 / 艾琳·贝达
类型: 动画 / 剧情 / 家庭 / 历史 / 歌舞 / 爱情
制片国家/地区: 美国
年份: 1995",346.1
452,1300926,圣诞怪杰 How the Grinch Stole Christmas,6.8,13914,"导演: 朗·霍华德
主演: 金·凯瑞 / 泰勒·摩森 / 杰弗里·塔伯
类型: 喜剧 / 家庭 / 奇幻
制片国家/地区: 美国/德国
年份: 2000",3455
453,22939161,星际迷航3：超越星辰 Star Trek Beyond,7.5,147819,"导演: 林诣彬
主演: 克里斯·派恩 / 扎克瑞·昆图 / 卡尔·厄本
类型: 动作 / 科幻 / 冒险
制片国家/地区: 美国
年份: 2016",343.5
454,4706257,鼠来宝3 Alvin and the Chipmunks: Chip-Wrecked,7.1,19343,"导演: 迈克·米切尔
主演: 贾斯汀·朗 / 杰西·麦卡尼 / 马修·格雷·古柏勒
类型: 喜剧 / 动画 / 奇幻 / 音乐 / 家庭
制片国家/地区: 美国
年份: 2011",342.7
455,1945336,通缉令 Wanted,7.4,183065,"导演: 提莫·贝克曼贝托夫
主演: 詹姆斯·麦卡沃伊 / 摩根·弗里曼 / 安吉丽娜·朱莉
类型: 动作 / 犯罪 / 奇幻
制片国家/地区: 美国/德国
年份: 2008",3424
456,1293654,摩登原始人之摔跤赛攻击波 The Flintstones,7,1252,"导演: 布莱恩·莱温特
主演: 约翰·古德曼 / 伊丽莎白·帕金斯 / 里克·莫拉尼斯
类型: 喜剧 / 犯罪 / 家庭
制片国家/地区: 美国
年份: 1994",341.6
457,26997663,寂静之地 A Quiet Place,6.3,306160,"导演: 约翰·卡拉辛斯基
主演: 艾米莉·布朗特 / 约翰·卡拉辛斯基 / 米利森特·西蒙兹
类型: 惊悚 / 恐怖
制片国家/地区: 美国
年份: 2018",340.9
458,1971111,魔法奇缘 Enchanted,7.2,62805,"导演: 凯文·利玛
主演: 艾米·亚当斯 / 帕特里克·德姆西 / 詹姆斯·麦斯登
类型: 喜剧 / 爱情 / 动画 / 歌舞
制片国家/地区: 美国
年份: 2007",340.5
459,1437339,篱笆墙外 Over the Hedge,7.4,21779,"导演: 提姆·约翰森 / 凯瑞·柯克帕特里克
主演: 布鲁斯·威利斯 / 盖瑞·山德林 / 史蒂夫·卡瑞尔
类型: 喜剧 / 动画 / 冒险
制片国家/地区: 美国
年份: 2006",3397
460,3148089,300勇士：帝国崛起 300: Rise of an Empire,6.4,43535,"导演: 诺姆·穆罗
主演: 沙利文·斯特普尔顿 / 罗德里戈·桑托罗 / 伊娃·格林
类型: 剧情 / 动作 / 历史 / 战争
制片国家/地区: 美国
年份: 2014",337.6
461,1295638,永远的蝙蝠侠 Batman Forever,6.7,32051,"导演: 乔·舒马赫
主演: 方·基默 / 汤米·李·琼斯 / 金·凯瑞
类型: 动作 / 冒险
制片国家/地区: 美国/英国
年份: 1995",336.5
462,1819388,波斯王子：时之刃 Prince of Persia: The Sands of Time,7.2,114254,"导演: 迈克·内威尔
主演: 杰克·吉伦哈尔 / 杰玛·阿特登 / 本·金斯利
类型: 动作 / 奇幻 / 冒险
制片国家/地区: 美国
年份: 2010",336.4
463,1485260,本杰明·巴顿奇事 The Curious Case of Benjamin Button,9,1013828,"导演: 大卫·芬奇
主演: 凯特·布兰切特 / 布拉德·皮特 / 朱莉娅·奥蒙德
类型: 剧情 / 爱情 / 奇幻
制片国家/地区: 美国
年份: 2008",3358
464,3606973,地心历险记2：神秘岛 Journey 2: The Mysterious Island,6.4,86581,"导演: 布拉德·佩顿
主演: 道恩·强森 / 乔什·哈切森 / 迈克尔·凯恩
类型: 动作 / 科幻 / 冒险
制片国家/地区: 美国
年份: 2012",335.3
465,1292728,勇闯夺命岛 The Rock,8.6,252103,"导演: 迈克尔·贝
主演: 肖恩·康纳利 / 尼古拉斯·凯奇 / 艾德·哈里斯
类型: 动作 / 冒险
制片国家/地区: 美国
年份: 1996",335.1
466,6982558,长城 The Great Wall,4.9,407029,"导演: 张艺谋
主演: 马特·达蒙 / 景甜 / 佩德罗·帕斯卡
类型: 动作 / 奇幻 / 冒险
制片国家/地区: 中国大陆/美国
年份: 2016",334.9
467,25662337,惊天魔盗团2 Now You See Me 2,6.9,318383,"导演: 朱浩伟
主演: 杰西·艾森伯格 / 马克·鲁弗洛 / 伍迪·哈里森
类型: 剧情 / 犯罪 / 悬疑
制片国家/地区: 美国
年份: 2016",334.9
468,27038183,羞羞的铁拳,6.8,722377,"导演: 宋阳 / 张吃鱼
主演: 艾伦 / 马丽 / 沈腾
类型: 喜剧 / 奇幻
制片国家/地区: 中国大陆
年份: 2017",3345
469,1304585,BJ单身日记 Bridget Jones's Diary,7.5,228284,"导演: 莎伦·马奎尔
主演: 蕾妮·齐薇格 / 科林·费尔斯 / 休·格兰特
类型: 喜剧 / 爱情
制片国家/地区: 英国/法国/美国/爱尔兰
年份: 2001",3342
470,1309103,神奇四侠 Fantastic Four,6.7,158622,"导演: 蒂姆·斯托瑞
主演: 艾恩·格拉法德 / 杰西卡·阿尔芭 / 克里斯·埃文斯
类型: 动作 / 科幻 / 冒险
制片国家/地区: 美国/德国
年份: 2005",3335
471,1301434,夺宝奇兵2 Indiana Jones and the Temple of Doom,7.8,63436,"导演: 史蒂文·斯皮尔伯格
主演: 哈里森·福特 / 凯特·卡普肖 / 关继威
类型: 动作 / 冒险
制片国家/地区: 美国
年份: 1984",333.1
472,1299247,007之明日帝国 Tomorrow Never Dies,7.4,42825,"导演: 罗杰·斯波蒂斯伍德
主演: 皮尔斯·布鲁斯南 / 乔纳森·普雷斯 / 杨紫琼
类型: 动作 / 冒险 / 惊悚
制片国家/地区: 英国/美国
年份: 1997",3330
473,1299092,回到未来2 Back to the Future Part II,8.5,117447,"导演: 罗伯特·泽米吉斯
主演: 迈克尔·J·福克斯 / 克里斯托弗·洛伊德 / 莉·汤普森
类型: 喜剧 / 科幻 / 冒险
制片国家/地区: 美国
年份: 1989",3325
474,6875863,恐龙当家 The Good Dinosaur,7.5,59599,"导演: 彼得·孙
主演: 雷蒙德·奥乔亚 / 杰克·布赖特 / 杰弗里·怀特
类型: 喜剧 / 动画 / 冒险 / 家庭
制片国家/地区: 美国
年份: 2015",332.2
475,30337388,失控玩家 Free Guy,7.5,706596,"导演: 肖恩·利维
主演: 瑞安·雷诺兹 / 朱迪·科默 / 乔·基瑞
类型: 喜剧 / 动作 / 科幻
制片国家/地区: 美国/加拿大
年份: 2021",3313
476,10546666,龙虎少年队2 22 Jump Street,6.9,26026,"导演: 菲尔·罗德 / 克里斯托弗·米勒
主演: 乔纳·希尔 / 查宁·塔图姆 / 彼得·斯特曼
类型: 喜剧 / 动作 / 犯罪
制片国家/地区: 美国
年份: 2014",331.3
477,1294829,拜见岳父大人 Meet the Parents,7.1,61299,"导演: 杰伊·罗奇
主演: 罗伯特·德尼罗 / 本·斯蒂勒 / 特丽·波洛
类型: 喜剧 / 爱情
制片国家/地区: 美国
年份: 2000",330.4
478,1297317,谁陷害了兔子罗杰 Who Framed Roger Rabbit,7.8,23216,"导演: 罗伯特·泽米吉斯
主演: 鲍勃·霍斯金斯 / 克里斯托弗·洛伊德 / 乔安娜·卡西迪
类型: 喜剧 / 动画 / 冒险
制片国家/地区: 美国
年份: 1988",329.8
479,1978709,黑天鹅 Black Swan,8.6,797279,"导演: 达伦·阿伦诺夫斯基
主演: 娜塔莉·波特曼 / 米拉·库尼斯 / 文森特·卡塞尔
类型: 剧情 / 惊悚
制片国家/地区: 美国
年份: 2010",329.4
480,1293815,完美风暴 The Perfect Storm,7.6,37270,"导演: 沃尔夫冈·彼德森
主演: 乔治·克鲁尼 / 马克·沃尔伯格 / 约翰·C·赖利
类型: 剧情 / 灾难
制片国家/地区: 美国
年份: 2000",328.7
481,26909790,疾速追杀3 John Wick: Chapter 3 - Parabellum,7.9,204668,"导演: 查德·斯塔赫斯基
主演: 基努·里维斯 / 哈莉·贝瑞 / 劳伦斯·菲什伯恩
类型: 动作 / 犯罪 / 惊悚
制片国家/地区: 美国
年份: 2019",3283
482,1304488,鳄鱼邓迪 Crocodile Dundee,7.2,2743,"导演: 彼得·费曼
主演: 保罗·霍根 / 琳达·科斯罗斯基 / 约翰·梅永
类型: 喜剧 / 动作 / 冒险
制片国家/地区: 澳大利亚
年份: 1986",328.2
483,25986662,疯狂的外星人,6.4,697943,"导演: 宁浩
主演: 黄渤 / 沈腾 / 汤姆·派福瑞
类型: 喜剧 / 科幻
制片国家/地区: 中国大陆
年份: 2019",3275
484,1292223,七宗罪 Se7en,8.8,967860,"导演: 大卫·芬奇
主演: 摩根·弗里曼 / 布拉德·皮特 / 凯文·史派西
类型: 剧情 / 犯罪 / 悬疑 / 惊悚
制片国家/地区: 美国
年份: 1995",327.3
485,1482072,穿普拉达的女王 The Devil Wears Prada,8.2,744973,"导演: 大卫·弗兰科尔
主演: 梅丽尔·斯特里普 / 安妮·海瑟薇 / 艾米莉·布朗特
类型: 剧情 / 喜剧
制片国家/地区: 美国/法国
年份: 2006",3267
486,20277632,飓风营救3 Taken 3,6.6,92641,"导演: 奥利维尔·米加顿
主演: 连姆·尼森 / 福里斯特·惠特克 / 法米克·詹森
类型: 动作 / 犯罪 / 惊悚
制片国家/地区: 法国/美国/西班牙
年份: 2014",326.5
487,1301538,钟楼怪人 The Hunchback of Notre Dame,7.7,10838,"导演: 加里·特洛斯达勒 / 柯克·维斯
主演: 汤姆·休斯克 / 黛米·摩尔 / 托尼·杰
类型: 动画 / 剧情 / 家庭 / 歌舞 / 爱情
制片国家/地区: 美国
年份: 1996",325.3
488,2267372,圣诞颂歌 A Christmas Carol,7.4,24119,"导演: 罗伯特·泽米吉斯
主演: 金·凯瑞 / 加里·奥德曼 / 罗宾·怀特
类型: 动画 / 剧情 / 家庭 / 奇幻
制片国家/地区: 美国
年份: 2009",325.3
489,11808948,海绵宝宝 The SpongeBob Movie: Sponge Out of Water,7.6,49709,"导演: 保罗·提比特 / 迈克·米切尔
主演: 安东尼奥·班德拉斯 / 艾瑞克·鲍扎 / 蒂姆·康威
类型: 喜剧 / 动画 / 冒险
制片国家/地区: 美国
年份: 2015",3251
490,1295124,辛德勒的名单 Schindler's List,9.5,1151357,"导演: 史蒂文·斯皮尔伯格
主演: 连姆·尼森 / 本·金斯利 / 拉尔夫·费因斯
类型: 剧情 / 历史 / 战争
制片国家/地区: 美国
年份: 1993",322.1
491,2303163,超级大坏蛋 Megamind,7.8,128630,"导演: 汤姆·麦格拉思
主演: 威尔·法瑞尔 / 乔纳·希尔 / 布拉德·皮特
类型: 喜剧 / 动作 / 动画
制片国家/地区: 美国
年份: 2010",321.9
492,24860563,招魂2 The Conjuring 2,7.9,203500,"导演: 温子仁
主演: 帕特里克·威尔森 / 维拉·法米加 / 麦迪逊·沃尔夫
类型: 剧情 / 悬疑 / 恐怖
制片国家/地区: 加拿大/美国/英国
年份: 2016",3218
493,27060077,绿皮书 Green Book,8.9,1706013,"导演: 彼得·法雷里
主演: 维果·莫腾森 / 马赫沙拉·阿里 / 琳达·卡德里尼
类型: 剧情 / 喜剧 / 传记 / 音乐
制片国家/地区: 美国/中国大陆
年份: 2018",3217
494,1300713,致命武器3 Lethal Weapon 3,6.8,3718,"导演: 理查德·唐纳
主演: 梅尔·吉布森 / 丹尼·格洛弗 / 乔·佩西
类型: 动作 / 犯罪 / 惊悚
制片国家/地区: 美国
年份: 1992",321.7
495,2062677,罗宾汉 Robin Hood,6.8,28725,"导演: 雷德利·斯科特
主演: 罗素·克劳 / 凯特·布兰切特 / 马克斯·冯·叙多夫
类型: 剧情 / 动作 / 冒险
制片国家/地区: 美国/英国
年份: 2010",3216
496,1438652,无耻混蛋 Inglourious Basterds,8.7,495598,"导演: 昆汀·塔伦蒂诺
主演: 布拉德·皮特 / 梅拉尼·罗兰 / 克里斯托弗·瓦尔兹
类型: 剧情 / 犯罪
制片国家/地区: 德国/美国
年份: 2009",321.5
497,1293135,101真狗 101 Dalmatians,7.4,92731,"导演: 斯蒂芬·赫瑞克
主演: 格伦·克洛斯 / 杰夫·丹尼尔斯 / 乔莉·理查德森
类型: 喜剧 / 犯罪 / 冒险
制片国家/地区: 美国
年份: 1996",320.7
498,3804629,招魂 The Conjuring,8,354001,"导演: 温子仁
主演: 维拉·法米加 / 帕特里克·威尔森 / 莉莉·泰勒
类型: 悬疑 / 惊悚 / 恐怖
制片国家/地区: 美国
年份: 2013",3204
499,1294587,致命诱惑 Fatal Attraction,7,6904,"导演: 阿德里安·莱恩
主演: 迈克尔·道格拉斯 / 格伦·克洛斯 / 安妮·阿彻
类型: 剧情 / 惊悚
制片国家/地区: 美国
年份: 1987",320.1
500,25905044,刺猬索尼克 Sonic the Hedgehog,6,43809,"导演: 杰夫·福勒
主演: 詹姆斯·麦斯登 / 金·凯瑞 / 本·施瓦茨
类型: 喜剧 / 动作 / 动画 / 冒险
制片国家/地区: 加拿大/日本/美国
年份: 2020",3197
501,2363919,最后的风之子 The Last Airbender,5.1,23679,"导演: M·奈特·沙马兰
主演: 诺亚·林格 / 戴夫·帕特尔 / 杰克逊·拉斯波恩
类型: 动作 / 冒险 / 家庭 / 奇幻
制片国家/地区: 美国
年份: 2010",319.7
502,3011102,假结婚 The Proposal,7.2,162864,"导演: 安妮·弗莱彻
主演: 桑德拉·布洛克 / 瑞安·雷诺兹 / 玛丽·斯汀伯根
类型: 喜剧 / 剧情 / 爱情
制片国家/地区: 美国
年份: 2009",317.4
503,1306785,极地特快 The Polar Express,7.7,53649,"导演: 罗伯特·泽米吉斯
主演: 汤姆·汉克斯 / 埃迪·狄森 / 诺娜·加耶
类型: 动画 / 冒险 / 家庭 / 奇幻
制片国家/地区: 美国
年份: 2004",3168
504,1306029,美丽心灵 A Beautiful Mind,9.1,790937,"导演: 朗·霍华德
主演: 罗素·克劳 / 艾德·哈里斯 / 詹妮弗·康纳利
类型: 传记 / 剧情
制片国家/地区: 美国
年份: 2001",3167
505,1301782,比佛利山超级警探 Beverly Hills Cop,7,2974,"导演: 马丁·布莱斯特
主演: 艾迪·墨菲 / 祖德·莱茵霍尔德 / 约翰·阿什顿
类型: 动作 / 喜剧 / 犯罪 / 剧情 / 惊悚
制片国家/地区: 美国
年份: 1984",316.4
506,1293537,空军一号 Air Force One,7.5,73999,"导演: 沃尔夫冈·彼德森
主演: 哈里森·福特 / 加里·奥德曼 / 格伦·克洛斯
类型: 动作 / 剧情 / 惊悚
制片国家/地区: 美国/德国
年份: 1997",315.2
507,26787574,奇迹男孩 Wonder,8.6,563755,"导演: 斯蒂芬·卓博斯基
主演: 雅各布·特伦布莱 / 朱莉娅·罗伯茨 / 伊扎贝拉·维多维奇
类型: 剧情 / 儿童 / 家庭
制片国家/地区: 美国/中国香港
年份: 2017",3150
508,6040982,敢死队2 The Expendables 2,7,151225,"导演: 西蒙·韦斯特
主演: 西尔维斯特·史泰龙 / 杰森·斯坦森 / 李连杰
类型: 动作 / 冒险
制片国家/地区: 美国/德国/保加利亚/中国大陆
年份: 2012",315.0
509,1309049,四眼天鸡 Chicken Little,6.8,20582,"导演: 马克·汀戴尔
主演: 扎克·布拉夫 / 盖瑞·马歇尔 / 唐·诺茨
类型: 喜剧 / 科幻 / 动画 / 奇幻 / 冒险 / 家庭
制片国家/地区: 美国
年份: 2005",314.4
510,1293917,尽善尽美 As Good as It Gets,8.2,34290,"导演: 詹姆斯·L·布鲁克斯
主演: 杰克·尼科尔森 / 海伦·亨特 / 格雷戈·金尼尔
类型: 爱情 / 喜剧 / 剧情
制片国家/地区: 美国
年份: 1997",314.2
511,1292930,王牌大贱谍2 Austin Powers: The Spy Who Shagged Me,6.3,5676,"导演: 杰伊·罗奇
主演: 麦克·梅尔斯 / 海瑟·格拉汉姆 / 麦克尔·约克
类型: 动作 / 冒险 / 喜剧 / 犯罪
制片国家/地区: 美国
年份: 1999",3137
512,30318116,利刃出鞘 Knives Out,8.1,836829,"导演: 莱恩·约翰逊
主演: 丹尼尔·克雷格 / 安娜·德·阿玛斯 / 克里斯·埃文斯
类型: 剧情 / 喜剧 / 犯罪 / 悬疑
制片国家/地区: 美国
年份: 2019",3128
513,25995508,移动迷宫2 Maze Runner: The Scorch Trials,6.1,123829,"导演: 韦斯·鲍尔
主演: 迪伦·奥布莱恩 / 卡雅·斯考达里奥 / 托马斯·布罗迪-桑斯特
类型: 动作 / 科幻 / 冒险
制片国家/地区: 美国
年份: 2015",312.3
514,20471852,生化危机：终章 Resident Evil: The Final Chapter,6.5,266115,"导演: 保罗·安德森
主演: 米拉·乔沃维奇 / 伊恩·格雷 / 艾丽·拉特
类型: 动作 / 科幻 / 恐怖
制片国家/地区: 美国/德国/法国/加拿大/南非/澳大利亚/英国/日本/中国大陆
年份: 2016",312.2
515,26145033,乐高蝙蝠侠大电影 The Lego Batman Movie,8,63052,"导演: 克里斯·麦凯
主演: 威尔·阿奈特 / 罗莎里奥·道森 / 拉尔夫·费因斯
类型: 喜剧 / 动作 / 动画 / 冒险
制片国家/地区: 美国/丹麦/澳大利亚
年份: 2017",312.0
516,1471507,十三罗汉 Ocean's Thirteen,7.5,99241,"导演: 史蒂文·索德伯格
主演: 乔治·克鲁尼 / 布拉德·皮特 / 马特·达蒙
类型: 犯罪 / 惊悚
制片国家/地区: 美国
年份: 2007",311.3
517,3078753,拜见岳父大人3 Little Fockers,6.4,21310,"导演: 保罗·韦兹
主演: 罗伯特·德尼罗 / 本·斯蒂勒 / 欧文·威尔逊
类型: 喜剧
制片国家/地区: 美国
年份: 2010",310.7
518,1793912,闪电狗 Bolt,7.5,125481,"导演: 拜伦·霍华德 / 克里斯·威廉姆斯
主演: 约翰·特拉沃尔塔 / 麦莉·赛勒斯 / 苏茜·伊斯曼
类型: 剧情 / 喜剧 / 动画 / 冒险 / 家庭
制片国家/地区: 美国
年份: 2008",310.0
519,1293619,赎金 Ransom,7.3,7059,"导演: 朗·霍华德
主演: 梅尔·吉布森 / 蕾妮·罗素 / 德尔罗伊·林多
类型: 动作 / 犯罪 / 惊悚
制片国家/地区: 美国
年份: 1996",309.5
520,1299922,落跑新娘 Runaway Bride,6.8,25141,"导演: 盖瑞·马歇尔
主演: 朱莉娅·罗伯茨 / 理查·基尔 / 琼·库萨克
类型: 喜剧 / 爱情
制片国家/地区: 美国
年份: 1999",309.5
521,3552028,弱点 The Blind Side,8.7,321952,"导演: 约翰·李·汉考克
主演: 桑德拉·布洛克 / 蒂姆·麦格罗 / 昆东·亚伦
类型: 剧情 / 家庭 / 传记 / 运动
制片国家/地区: 美国
年份: 2009",309.2
522,26662193,前任3：再见前任,5.5,402498,"导演: 田羽生
主演: 韩庚 / 郑恺 / 于文文
类型: 喜剧 / 爱情
制片国家/地区: 中国大陆
年份: 2017",3075
523,22733673,星运里的错 The Fault in Our Stars,7.9,109086,"导演: 约什·布恩
主演: 谢琳·伍德蕾 / 安塞尔·艾尔高特 / 纳特·沃尔夫
类型: 剧情 / 爱情
制片国家/地区: 美国
年份: 2014",307.2
524,1849031,当幸福来敲门 The Pursuit of Happyness,9.2,1560916,"导演: 加布里埃莱·穆奇诺
主演: 威尔·史密斯 / 贾登·史密斯 / 坦迪·牛顿
类型: 剧情 / 传记 / 家庭
制片国家/地区: 美国
年份: 2006",307.1
525,3769423,守护者联盟 Rise of the Guardians,8.2,99915,"导演: 彼得·拉姆齐
主演: 克里斯·派恩 / 休·杰克曼 / 艾拉·菲舍尔
类型: 动画 / 家庭 / 奇幻 / 冒险
制片国家/地区: 美国
年份: 2012",306.9
526,1298405,第三类接触 Close Encounters of the Third Kind,7.2,21636,"导演: 史蒂文·斯皮尔伯格
主演: 理查德·德莱福斯 / 弗朗索瓦·特吕弗 / 特瑞·加尔
类型: 剧情 / 科幻
制片国家/地区: 美国
年份: 1977",306.9
527,1307697,芝加哥 Chicago,8.9,163876,"导演: 罗伯·马歇尔
主演: 泰雅·迪格斯 / 凯瑟琳·泽塔-琼斯 / 蕾妮·齐薇格
类型: 喜剧 / 歌舞 / 犯罪
制片国家/地区: 美国/德国
年份: 2002",306.8
528,26644205,安娜贝尔2：诞生 Annabelle: Creation,6.9,53409,"导演: 大卫·F·桑德伯格
主演: 斯黛芬妮·西格曼 / 特丽莎·贝特曼 / 露露·威尔逊
类型: 悬疑 / 惊悚 / 恐怖
制片国家/地区: 美国
年份: 2017",306.5
529,3880545,伴娘 Bridesmaids,6.9,63430,"导演: 保罗·费格
主演: 克里斯汀·韦格 / 玛娅·鲁道夫 / 罗丝·伯恩
类型: 喜剧
制片国家/地区: 美国
年份: 2011",3064
530,26804147,摩天营救 Skyscraper,6.3,170052,"导演: 罗森·马歇尔·瑟伯
主演: 道恩·强森 / 内芙·坎贝尔 / 黄经汉
类型: 动作 / 惊悚 / 冒险
制片国家/地区: 美国
年份: 2018",3048
531,4312428,虎胆龙威5 A Good Day to Die Hard,6.4,60529,"导演: 约翰·摩尔
主演: 布鲁斯·威利斯 / 杰·科特尼 / 塞巴斯蒂安·科赫
类型: 动作 / 惊悚 / 犯罪
制片国家/地区: 美国/英国/匈牙利
年份: 2013",304.7
532,1294833,花木兰 Mulan,8,249794,"导演: 巴里·库克 / 托尼·班克罗夫特
主演: 温明娜 / 艾迪·墨菲 / 黄荣亮
类型: 动画 / 冒险 / 剧情 / 家庭
制片国家/地区: 美国
年份: 1998",304.3
533,26387939,摔跤吧！爸爸 Dangal,9,1610698,"导演: 涅提·蒂瓦里
主演: 阿米尔·汗 / 法缇玛·萨那·纱卡 / 桑亚·玛荷塔
类型: 剧情 / 传记 / 运动 / 家庭
制片国家/地区: 印度
年份: 2016",3037
534,3434070,太空旅客 Passengers,6.9,213015,"导演: 莫滕·泰杜姆
主演: 詹妮弗·劳伦斯 / 克里斯·帕拉特 / 麦克·辛
类型: 冒险 / 科幻
制片国家/地区: 美国
年份: 2016",303.1
535,3742937,超级战舰 Battleship,6.7,133475,"导演: 彼得·博格
主演: 泰勒·克奇 / 浅野忠信 / 亚历山大·斯卡斯加德
类型: 动作 / 科幻 / 冒险 / 灾难
制片国家/地区: 美国/日本/中国香港
年份: 2012",303.0
536,1295318,大话王 Liar Liar,7.8,81290,"导演: 汤姆·沙迪亚克
主演: 金·凯瑞 / 毛拉·蒂尔内 / 贾斯汀·库珀
类型: 喜剧 / 奇幻
制片国家/地区: 美国
年份: 1997",302.7
537,2223596,特种部队：眼镜蛇的崛起 G.I. Joe: The Rise of Cobra,7.3,176491,"导演: 斯蒂芬·索莫斯
主演: 查宁·塔图姆 / 约瑟夫·高登-莱维特 / 雷·帕克
类型: 动作 / 科幻
制片国家/地区: 美国
年份: 2009",302.5
538,4824515,诸神之怒 Wrath of the Titans,6.1,60264,"导演: 乔纳森·里贝斯曼
主演: 萨姆·沃辛顿 / 连姆·尼森 / 拉尔夫·费因斯
类型: 动作 / 奇幻 / 冒险
制片国家/地区: 美国
年份: 2012",3019
539,1584750,神奇四侠2 Fantastic 4: Rise of the Silver Surfer,6.5,101310,"导演: 蒂姆·斯托瑞
主演: 艾恩·格拉法德 / 杰西卡·阿尔芭 / 克里斯·埃文斯
类型: 动作 / 科幻 / 冒险
制片国家/地区: 美国/德国/英国
年份: 2007",3019
540,1298692,铁钩船长 Hook,6.9,5355,"导演: 史蒂文·斯皮尔伯格
主演: 达斯汀·霍夫曼 / 罗宾·威廉姆斯 / 朱莉娅·罗伯茨
类型: 冒险 / 家庭 / 奇幻
制片国家/地区: 美国
年份: 1991",300.9
541,1300916,超人 Superman,7.7,28563,"导演: 理查德·唐纳
主演: 克里斯托弗·里夫 / 马龙·白兰度 / 吉恩·哈克曼
类型: 动作 / 科幻 / 冒险
制片国家/地区: 美国/英国/加拿大
年份: 1978",3004
542,1297445,洛奇4 Rocky IV,7.7,14787,"导演: 西尔维斯特·史泰龙
主演: 西尔维斯特·史泰龙 / 塔莉娅·夏尔 / 伯特·杨
类型: 动作 / 剧情 / 运动
制片国家/地区: 美国
年份: 1985",3004
543,1300361,第一滴血2 Rambo: First Blood Part II,7.8,52199,"导演: 乔治·P·科斯马图斯
主演: 西尔维斯特·史泰龙 / 理查德·克里纳 / 史蒂文·伯克夫
类型: 动作 / 冒险 / 惊悚
制片国家/地区: 美国
年份: 1985",300.4
544,3041294,生化危机4：战神再生 Resident Evil: Afterlife,6.8,211969,"导演: 保罗·安德森
主演: 米拉·乔沃维奇 / 艾丽·拉特 / 温特沃斯·米勒
类型: 动作 / 科幻 / 恐怖
制片国家/地区: 德国/法国/美国/加拿大
年份: 2010",300.2
545,1309136,范海辛 Van Helsing,7.2,102557,"导演: 斯蒂芬·索莫斯
主演: 休·杰克曼 / 凯特·贝金赛尔 / 理查德·劳斯伯格
类型: 剧情 / 动作 / 奇幻
制片国家/地区: 美国/捷克/罗马尼亚
年份: 2004",300.1
546,1295242,精灵鼠小弟 Stuart Little,7.8,145111,"导演: 罗伯·明可夫
主演: 迈克尔·J·福克斯 / 吉娜·戴维斯 / 休·劳瑞
类型: 冒险 / 喜剧 / 家庭 / 奇幻
制片国家/地区: 美国/德国
年份: 1999",300.1