orderId,shouldCurId,movieName,rateValue,ratePersonCount,description,boxOffice
1,26,阿凡达 Avatar,8.8,1434163,"导演: 詹姆斯·卡梅隆
主演: 萨姆·沃辛顿 / 佐伊·索尔达娜 / 西格妮·韦弗
类型: 动作 / 科幻 / 冒险
制片国家/地区: 美国
年份: 2009",29237
2,27,复仇者联盟4：终局之战 Avengers: Endgame,8.5,1074937,"导演: 安东尼·罗素 / 乔·罗素
主演: 小罗伯特·唐尼 / 克里斯·埃文斯 / 马克·鲁弗洛
类型: 剧情 / 动作 / 科幻 / 奇幻 / 冒险
制片国家/地区: 美国
年份: 2019",27975
3,28,阿凡达：水之道 Avatar: The Way of Water,7.8,557866,"导演: 詹姆斯·卡梅隆
主演: 萨姆·沃辛顿 / 佐伊·索尔达娜 / 西格妮·韦弗
类型: 动作 / 科幻 / 冒险
制片国家/地区: 美国
年份: 2022",23202
4,29,泰坦尼克号 Titanic,9.5,2216242,"导演: 詹姆斯·卡梅隆
主演: 莱昂纳多·迪卡普里奥 / 凯特·温丝莱特 / 比利·赞恩
类型: 剧情 / 爱情 / 灾难
制片国家/地区: 美国/墨西哥
年份: 1997",22613
5,30,星球大战7：原力觉醒 Star Wars: The Force Awakens,7.2,217887,"导演: J·J·艾布拉姆斯
主演: 哈里森·福特 / 马克·哈米尔 / 凯丽·费雪
类型: 动作 / 科幻 / 冒险
制片国家/地区: 美国
年份: 2015",20695
6,31,复仇者联盟3：无限战争 Avengers: Infinity War,8.1,779912,"导演: 安东尼·罗素 / 乔·罗素
主演: 小罗伯特·唐尼 / 克里斯·海姆斯沃斯 / 克里斯·埃文斯
类型: 动作 / 科幻 / 奇幻 / 冒险
制片国家/地区: 美国
年份: 2018",20524
7,32,蜘蛛侠：英雄无归 Spider-Man: No Way Home,6.6,338299,"导演: 乔·沃茨
主演: 汤姆·赫兰德 / 赞达亚 / 本尼迪克特·康伯巴奇
类型: 动作 / 科幻 / 奇幻 / 冒险
制片国家/地区: 美国
年份: 2021",19218
8,33,侏罗纪世界 Jurassic World,7.7,430433,"导演: 科林·特莱沃若
主演: 克里斯·帕拉特 / 布莱丝·达拉斯·霍华德 / 文森特·多诺费奥
类型: 动作 / 科幻 / 冒险
制片国家/地区: 美国
年份: 2015",1671.7
9,34,狮子王 The Lion King,7.2,358225,"导演: 乔恩·费儒
主演: 唐纳德·格洛弗 / 阿尔法·伍达德 / 詹姆斯·厄尔·琼斯
类型: 剧情 / 动画 / 冒险
制片国家/地区: 美国
年份: 2019",16632
10,35,复仇者联盟 The Avengers,8.3,657814,"导演: 乔斯·韦登
主演: 小罗伯特·唐尼 / 克里斯·埃文斯 / 斯嘉丽·约翰逊
类型: 动作 / 科幻 / 奇幻 / 冒险
制片国家/地区: 美国
年份: 2012",1518.8
11,36,速度与激情7 Furious 7,8.4,478729,"导演: 温子仁
主演: 范·迪塞尔 / 保罗·沃克 / 杰森·斯坦森
类型: 动作 / 犯罪
制片国家/地区: 美国/中国大陆/日本
年份: 2015",15153
12,37,壮志凌云2：独行侠 Top Gun: Maverick,8,164873,"导演: 约瑟夫·科辛斯基
主演: 汤姆·克鲁斯 / 詹妮弗·康纳利 / 迈尔斯·特勒
类型: 动作
制片国家/地区: 美国/中国大陆
年份: 2022",14934
13,38,冰雪奇缘2 Frozen II,7,385815,"导演: 克里斯·巴克 / 珍妮弗·李
主演: 克里斯汀·贝尔 / 伊迪娜·门泽尔 / 乔什·加德
类型: 喜剧 / 动画 / 冒险 / 歌舞
制片国家/地区: 美国
年份: 2019",14500
14,39,复仇者联盟2：奥创纪元 Avengers: Age of Ultron,7.5,504788,"导演: 乔斯·韦登
主演: 小罗伯特·唐尼 / 克里斯·海姆斯沃斯 / 马克·鲁弗洛
类型: 动作 / 科幻 / 奇幻 / 冒险
制片国家/地区: 美国
年份: 2015",14028
15,40,超级马力欧兄弟大电影 The Super Mario Bros. Movie,7.8,132252,"导演: 亚伦·霍瓦斯 / 迈克尔·杰勒尼克
主演: 克里斯·帕拉特 / 安雅·泰勒-乔伊 / 查理·戴
类型: 喜剧 / 爱情 / 科幻 / 动画 / 奇幻 / 冒险
制片国家/地区: 美国/日本
年份: 2023",13596
16,41,黑豹 Black Panther,6.5,449780,"导演: 瑞恩·库格勒
主演: 查德维克·博斯曼 / 露皮塔·尼永奥 / 迈克尔·B·乔丹
类型: 动作 / 科幻 / 冒险
制片国家/地区: 美国/南非
年份: 2018",13499
17,42,芭比 Barbie,8.1,541935,"导演: 格蕾塔·葛韦格
主演: 玛格特·罗比 / 瑞恩·高斯林 / 亚美莉卡·费雷拉
类型: 喜剧 / 奇幻 / 冒险
制片国家/地区: 加拿大/美国
年份: 2023",13451
18,43,哈利·波特与死亡圣器(下) Harry Potter and the Deathly Hallows: Part 2,9,841893,"导演: 大卫·叶茨
主演: 丹尼尔·雷德克里夫 / 艾玛·沃森 / 鲁伯特·格林特
类型: 奇幻 / 冒险
制片国家/地区: 美国/英国
年份: 2011",13423
19,44,星球大战8：最后的绝地武士 Star Wars: The Last Jedi,7.1,152979,"导演: 莱恩·约翰逊
主演: 马克·哈米尔 / 凯丽·费雪 / 黛西·雷德利
类型: 动作 / 科幻 / 冒险
制片国家/地区: 美国
年份: 2017",1332.5
20,45,侏罗纪世界2 Jurassic World: Fallen Kingdom,6.6,379161,"导演: J·A·巴亚纳
主演: 克里斯·帕拉特 / 布莱丝·达拉斯·霍华德 / 贾斯蒂斯·史密斯
类型: 动作 / 科幻 / 冒险
制片国家/地区: 美国
年份: 2018",13104
21,46,冰雪奇缘 Frozen,8.4,707006,"导演: 克里斯·巴克 / 珍妮弗·李
主演: 克里斯汀·贝尔 / 伊迪娜·门泽尔 / 乔纳森·格罗夫
类型: 喜剧 / 动画 / 奇幻 / 歌舞
制片国家/地区: 美国
年份: 2013",12845
22,47,美女与野兽 Beauty and the Beast,7.1,401027,"导演: 比尔·康顿
主演: 艾玛·沃森 / 丹·史蒂文斯 / 卢克·伊万斯
类型: 爱情 / 奇幻 / 歌舞
制片国家/地区: 美国
年份: 2017",12735
23,48,超人总动员2 Incredibles 2,7.8,265774,"导演: 布拉德·伯德
主演: 格雷格·T·尼尔森 / 霍利·亨特 / 莎拉·沃威尔
类型: 喜剧 / 动作 / 动画 / 冒险
制片国家/地区: 美国
年份: 2018",12430
24,49,速度与激情8 The Fate of the Furious,7,340614,"导演: F·加里·格雷
主演: 范·迪塞尔 / 杰森·斯坦森 / 道恩·强森
类型: 动作 / 犯罪
制片国家/地区: 中国大陆/美国/日本
年份: 2017",1236
25,50,钢铁侠3 Iron Man 3,7.9,426548,"导演: 沙恩·布莱克
主演: 小罗伯特·唐尼 / 盖·皮尔斯 / 格温妮斯·帕特洛
类型: 动作 / 科幻
制片国家/地区: 美国/中国大陆
年份: 2013",1214.8
26,51,小黄人大眼萌 Minions,7.8,299976,"导演: 凯尔·巴尔达 / 皮埃尔·柯芬
主演: 桑德拉·布洛克 / 乔恩·哈姆 / 迈克尔·基顿
类型: 喜剧 / 动画
制片国家/地区: 美国
年份: 2015",1159.4
27,52,美国队长3 Captain America: Civil War,7.9,460262,"导演: 安东尼·罗素 / 乔·罗素
主演: 克里斯·埃文斯 / 小罗伯特·唐尼 / 斯嘉丽·约翰逊
类型: 动作 / 科幻
制片国家/地区: 美国
年份: 2016",1153.3
28,53,海王 Aquaman,7.6,875638,"导演: 温子仁
主演: 杰森·莫玛 / 安珀·赫德 / 威廉·达福
类型: 动作 / 奇幻 / 冒险
制片国家/地区: 美国/澳大利亚
年份: 2018",1148.1
29,54,指环王3：王者无敌 The Lord of the Rings: The Return of the King,9.3,812189,"导演: 彼得·杰克逊
主演: 伊利亚·伍德 / 西恩·奥斯汀 / 维果·莫腾森
类型: 剧情 / 动作 / 奇幻 / 冒险
制片国家/地区: 美国/新西兰
年份: 2003",11422
30,55,蜘蛛侠：英雄远征 Spider-Man: Far from Home,7.6,595799,"导演: 乔·沃茨
主演: 汤姆·赫兰德 / 赞达亚 / 杰克·吉伦哈尔
类型: 动作 / 科幻 / 冒险
制片国家/地区: 美国
年份: 2019",11319
31,56,惊奇队长 Captain Marvel,6.8,501851,"导演: 安娜·波顿 / 瑞安·弗雷克
主演: 布丽·拉尔森 / 裘德·洛 / 塞缪尔·杰克逊
类型: 动作 / 科幻 / 冒险
制片国家/地区: 美国/澳大利亚
年份: 2019",1128.2
32,57,变形金刚3 Transformers: Dark of the Moon,7.3,349661,"导演: 迈克尔·贝
主演: 希亚·拉博夫 / 罗茜·汉丁顿-惠特莉 / 乔什·杜哈明
类型: 动作 / 科幻 / 冒险
制片国家/地区: 美国
年份: 2011",1123.8
33,58,侏罗纪公园 Jurassic Park,8.3,319981,"导演: 史蒂文·斯皮尔伯格
主演: 山姆·尼尔 / 劳拉·邓恩 / 杰夫·高布伦
类型: 科幻 / 惊悚 / 冒险
制片国家/地区: 美国
年份: 1993",11098
34,59,007：大破天幕杀机 Skyfall,7.2,255058,"导演: 萨姆·门德斯
主演: 丹尼尔·克雷格 / 朱迪·丹奇 / 哈维尔·巴登
类型: 动作 / 惊悚 / 冒险
制片国家/地区: 英国/美国/土耳其
年份: 2012",1108.6
35,60,变形金刚4：绝迹重生 Transformers: Age of Extinction,6.7,331750,"导演: 迈克尔·贝
主演: 马克·沃尔伯格 / 斯坦利·图齐 / 凯尔希·格兰莫
类型: 动作 / 科幻 / 冒险
制片国家/地区: 美国/中国大陆/中国香港
年份: 2014",1104.1
36,61,蝙蝠侠：黑暗骑士崛起 The Dark Knight Rises,8.8,730402,"导演: 克里斯托弗·诺兰
主演: 克里斯蒂安·贝尔 / 汤姆·哈迪 / 安妮·海瑟薇
类型: 剧情 / 动作 / 科幻 / 犯罪 / 惊悚
制片国家/地区: 美国/英国
年份: 2012",10810
37,62,小丑 Joker,8.7,1015687,"导演: 托德·菲利普斯
主演: 华金·菲尼克斯 / 罗伯特·德尼罗 / 马克·马龙
类型: 剧情 / 犯罪 / 惊悚
制片国家/地区: 美国/加拿大
年份: 2019",10744
38,63,星球大战9：天行者崛起 Star Wars: The Rise of Skywalker,6.2,101950,"导演: J·J·艾布拉姆斯
主演: 黛西·雷德利 / 亚当·德赖弗 / 奥斯卡·伊萨克
类型: 动作 / 科幻 / 冒险
制片国家/地区: 美国
年份: 2019",10741
39,64,玩具总动员4 Toy Story 4,8.5,336851,"导演: 乔什·库雷
主演: 汤姆·汉克斯 / 蒂姆·艾伦 / 安妮·波茨
类型: 喜剧 / 动画 / 奇幻
制片国家/地区: 美国
年份: 2019",10733
40,65,玩具总动员3 Toy Story 3,8.9,523543,"导演: 李·昂克里奇
主演: 汤姆·汉克斯 / 蒂姆·艾伦 / 琼·库萨克
类型: 喜剧 / 动画 / 奇幻 / 冒险
制片国家/地区: 美国
年份: 2010",1067
41,66,加勒比海盗2：亡灵的宝藏 Pirates of the Caribbean: Dead Man's Chest,8.4,423958,"导演: 戈尔·维宾斯基
主演: 约翰尼·德普 / 奥兰多·布鲁姆 / 凯拉·奈特莉
类型: 动作 / 冒险 / 奇幻
制片国家/地区: 美国
年份: 2006",1066.2
42,67,星球大战外传：侠盗一号 Rogue One: A Star Wars Story,7.3,178353,"导演: 加里斯·爱德华斯
主演: 菲丽希缇·琼斯 / 迭戈·卢纳 / 甄子丹
类型: 动作 / 科幻 / 冒险
制片国家/地区: 美国
年份: 2016",1056.1
43,68,阿拉丁 Aladdin,7.4,309866,"导演: 盖·里奇
主演: 梅纳·玛索德 / 娜奥米·斯科特 / 威尔·史密斯
类型: 爱情 / 奇幻 / 冒险 / 歌舞
制片国家/地区: 美国
年份: 2019",1050.6
44,69,加勒比海盗4：惊涛怪浪 Pirates of the Caribbean: On Stranger Tides,7.8,370766,"导演: 罗伯·马歇尔
主演: 约翰尼·德普 / 佩内洛普·克鲁兹 / 杰弗里·拉什
类型: 动作 / 奇幻 / 冒险
制片国家/地区: 美国
年份: 2011",1045.7
45,70,神偷奶爸3 Despicable Me 3,6.8,261848,"导演: 凯尔·巴尔达 / 皮埃尔·柯芬 / 埃里克·吉隆
主演: 史蒂夫·卡瑞尔 / 克里斯汀·韦格 / 崔·帕克
类型: 喜剧 / 动画 / 冒险
制片国家/地区: 美国
年份: 2017",1034.8
46,71,海底总动员2：多莉去哪儿 Finding Dory,7.6,129165,"导演: 安德鲁·斯坦顿 / 安格斯·麦克莱恩
主演: 艾伦·德杰尼勒斯 / 艾伯特·布鲁克斯 / 艾德·奥尼尔
类型: 喜剧 / 动画 / 冒险
制片国家/地区: 美国
年份: 2016",1028.6
47,72,星球大战前传1：幽灵的威胁 Star Wars: Episode I - The Phantom Menace,8.2,124404,"导演: 乔治·卢卡斯
主演: 连姆·尼森 / 伊万·麦克格雷格 / 娜塔莉·波特曼
类型: 动作 / 科幻 / 冒险
制片国家/地区: 美国
年份: 1999",1027
48,73,疯狂动物城 Zootopia,9.2,1962889,"导演: 拜伦·霍华德 / 瑞奇·摩尔 / 杰拉德·布什
主演: 金妮弗·古德温 / 杰森·贝特曼 / 伊德里斯·艾尔巴
类型: 喜剧 / 动画 / 冒险
制片国家/地区: 美国
年份: 2016",10255
49,74,爱丽丝梦游仙境 Alice in Wonderland,7.4,418498,"导演: 蒂姆·波顿
主演: 米娅·华希科沃斯卡 / 约翰尼·德普 / 海伦娜·伯翰·卡特
类型: 奇幻 / 冒险
制片国家/地区: 美国
年份: 2010",1025.5
50,75,哈利·波特与魔法石 Harry Potter and the Sorcerer's Stone,9.2,1208051,"导演: 克里斯·哥伦布
主演: 丹尼尔·雷德克里夫 / 艾玛·沃森 / 鲁伯特·格林特
类型: 奇幻 / 冒险
制片国家/地区: 美国/英国
年份: 2001",10222
51,76,霍比特人1：意外之旅 The Hobbit: An Unexpected Journey,8.4,412502,"导演: 彼得·杰克逊
主演: 伊恩·麦克莱恩 / 马丁·弗瑞曼 / 理查德·阿米蒂奇
类型: 动作 / 奇幻 / 冒险
制片国家/地区: 美国/新西兰
年份: 2012",10170
52,77,蝙蝠侠：黑暗骑士 The Dark Knight,9.2,1073047,"导演: 克里斯托弗·诺兰
主演: 克里斯蒂安·贝尔 / 希斯·莱杰 / 艾伦·艾克哈特
类型: 剧情 / 动作 / 科幻 / 犯罪 / 惊悚
制片国家/地区: 美国/英国
年份: 2008",1004.6
53,78,侏罗纪世界3 Jurassic World: Dominion,6,242048,"导演: 科林·特莱沃若
主演: 克里斯·帕拉特 / 布莱丝·达拉斯·霍华德 / 劳拉·邓恩
类型: 动作 / 科幻 / 冒险
制片国家/地区: 美国/马耳他
年份: 2022",10011
54,79,勇敢者游戏：决战丛林 Jumanji: Welcome to the Jungle,6.8,204699,"导演: 杰克·卡斯丹
主演: 道恩·强森 / 凯文·哈特 / 杰克·布莱克
类型: 喜剧 / 动作 / 奇幻 / 冒险
制片国家/地区: 美国/印度/加拿大/英国/澳大利亚/德国
年份: 2017",9953
55,80,哈利·波特与死亡圣器(上) Harry Potter and the Deathly Hallows: Part 1,8.5,583760,"导演: 大卫·叶茨
主演: 丹尼尔·雷德克里夫 / 艾玛·沃森 / 鲁伯特·格林特
类型: 奇幻 / 冒险
制片国家/地区: 英国/美国
年份: 2010",9770
56,81,神偷奶爸2 Despicable Me 2,8.1,436705,"导演: 皮埃尔·柯芬 / 克里斯·雷纳德
主演: 史蒂夫·卡瑞尔 / 克里斯汀·韦格 / 本杰明·布拉特
类型: 喜剧 / 动画 / 冒险
制片国家/地区: 美国/法国/日本
年份: 2013",970.8
57,82,狮子王 The Lion King,9.1,852138,"导演: 罗杰·阿勒斯 / 罗伯·明可夫
主演: 乔纳森·泰勒·托马斯 / 马修·布罗德里克 / 杰瑞米·艾恩斯
类型: 动画 / 冒险 / 歌舞
制片国家/地区: 美国
年份: 1994",9685
58,83,奇幻森林 The Jungle Book,7.8,261961,"导演: 乔恩·费儒
主演: 尼尔·塞西 / 比尔·默瑞 / 本·金斯利
类型: 剧情 / 奇幻 / 冒险
制片国家/地区: 英国/美国
年份: 2016",966.6
59,84,霍比特人3：五军之战 The Hobbit: The Battle of the Five Armies,8.6,384638,"导演: 彼得·杰克逊
主演: 马丁·弗瑞曼 / 伊恩·麦克莱恩 / 理查德·阿米蒂奇
类型: 动作 / 奇幻 / 冒险
制片国家/地区: 美国/新西兰
年份: 2014",9622
60,85,加勒比海盗3：世界的尽头 Pirates of the Caribbean: At World's End,8.4,396894,"导演: 戈尔·维宾斯基
主演: 约翰尼·德普 / 杰弗里·拉什 / 奥兰多·布鲁姆
类型: 动作 / 冒险 / 奇幻
制片国家/地区: 美国
年份: 2007",9609
61,86,霍比特人2：史矛革之战 The Hobbit: The Desolation of Smaug,8.5,367035,"导演: 彼得·杰克逊
主演: 伊恩·麦克莱恩 / 马丁·弗瑞曼 / 理查德·阿米蒂奇
类型: 动作 / 奇幻 / 冒险
制片国家/地区: 美国/新西兰
年份: 2013",9590
62,87,奇异博士2：疯狂多元宇宙 Doctor Strange in the Multiverse of Madness,6.3,246296,"导演: 山姆·雷米
主演: 本尼迪克特·康伯巴奇 / 伊丽莎白·奥尔森 / 切瓦特·埃加福
类型: 动作 / 科幻 / 奇幻 / 冒险 / 恐怖
制片国家/地区: 美国
年份: 2022",9557
63,88,指环王2：双塔奇兵 The Lord of the Rings: The Two Towers,9.2,761922,"导演: 彼得·杰克逊
主演: 伊利亚·伍德 / 西恩·奥斯汀 / 多米尼克·莫纳汉
类型: 剧情 / 动作 / 奇幻 / 冒险
制片国家/地区: 美国/新西兰
年份: 2002",9478
64,89,哈利·波特与凤凰社 Harry Potter and the Order of the Phoenix,8.5,577743,"导演: 大卫·叶茨
主演: 丹尼尔·雷德克里夫 / 艾玛·沃森 / 鲁伯特·格林特
类型: 奇幻 / 冒险
制片国家/地区: 英国/美国
年份: 2007",9420
65,90,海底总动员 Finding Nemo,8.5,390197,"导演: 安德鲁·斯坦顿 / 李·昂克里奇
主演: 艾伯特·布鲁克斯 / 艾伦·德杰尼勒斯 / 亚历山大·古尔德
类型: 喜剧 / 动画 / 冒险
制片国家/地区: 美国/澳大利亚
年份: 2003",940.3
66,91,小黄人大眼萌：神偷奶爸前传 Minions: The Rise of Gru,7.1,149525,"导演: 凯尔·巴尔达 / 布拉德·埃布尔森 / 乔纳森·德尔瓦尔
主演: 史蒂夫·卡瑞尔 / 皮埃尔·柯芬 / 艾伦·阿金
类型: 喜剧 / 科幻 / 犯罪 / 动画 / 冒险
制片国家/地区: 美国
年份: 2022",9394
67,92,哈利·波特与混血王子 Harry Potter and the Half-Blood Prince,8.3,545326,"导演: 大卫·叶茨
主演: 丹尼尔·雷德克里夫 / 艾玛·沃森 / 鲁伯特·格林特
类型: 奇幻 / 冒险
制片国家/地区: 英国/美国
年份: 2009",934.4
68,93,怪物史瑞克2 Shrek 2,7.7,106851,"导演: Andrew Adamson
主演: 麦克·梅尔斯 / 艾迪·墨菲 / 卡梅隆·迪亚兹
类型: 动画 / 冒险 / 喜剧 / 家庭 / 奇幻
制片国家/地区: 美国
年份: 2004",9287
69,94,哈利·波特与密室 Harry Potter and the Chamber of Secrets,8.9,768820,"导演: 克里斯·哥伦布
主演: 丹尼尔·雷德克里夫 / 艾玛·沃森 / 鲁伯特·格林特
类型: 奇幻 / 冒险
制片国家/地区: 英国/美国
年份: 2002",9250
70,95,波西米亚狂想曲 Bohemian Rhapsody,8.6,611424,"导演: 布莱恩·辛格
主演: 拉米·马雷克 / 本·哈迪 / 约瑟夫·梅泽罗
类型: 剧情 / 传记 / 同性 / 音乐
制片国家/地区: 英国/美国
年份: 2018",9108
71,96,长津湖,7.4,755329,"导演: 陈凯歌 / 徐克 / 林超贤
主演: 吴京 / 易烊千玺 / 段奕宏
类型: 剧情 / 历史 / 战争
制片国家/地区: 中国大陆/中国香港
年份: 2021",9024
72,97,指环王1：护戒使者 The Lord of the Rings: The Fellowship of the Ring,9.1,856309,"导演: 彼得·杰克逊
主演: 伊利亚·伍德 / 西恩·奥斯汀 / 伊恩·麦克莱恩
类型: 剧情 / 动作 / 奇幻 / 冒险
制片国家/地区: 新西兰/美国
年份: 2001",8980
73,98,哈利·波特与火焰杯 Harry Potter and the Goblet of Fire,8.8,670644,"导演: 迈克·内威尔
主演: 丹尼尔·雷德克里夫 / 艾玛·沃森 / 鲁伯特·格林特
类型: 悬疑 / 奇幻 / 冒险
制片国家/地区: 英国/美国
年份: 2005",896.9
74,99,蜘蛛侠3 Spider-Man 3,7.7,258531,"导演: 山姆·雷米
主演: 托比·马奎尔 / 克斯汀·邓斯特 / 詹姆斯·弗兰科
类型: 动作 / 科幻 / 冒险
制片国家/地区: 美国
年份: 2007",8949
75,100,爱宠大机密 The Secret Life of Pets,7.8,294933,"导演: 克里斯·雷纳德 / 亚罗·切尼
主演: 路易·C·K / 艾瑞克·斯通斯崔特 / 凯文·哈特
类型: 喜剧 / 动画
制片国家/地区: 美国
年份: 2016",8943
76,101,冰川时代3 Ice Age: Dawn of the Dinosaurs,8.3,238326,"导演: 卡洛斯·沙尔丹哈 / 麦克·特米尔
主演: Eunice Cho / 麦丽·弗拉纳甘 / 杰森·弗里基奥内
类型: 喜剧 / 动画 / 冒险
制片国家/地区: 美国
年份: 2009",886.7
77,102,007：幽灵党 Spectre,6.5,194650,"导演: 萨姆·门德斯
主演: 丹尼尔·克雷格 / 克里斯托弗·瓦尔兹 / 蕾雅·赛杜
类型: 动作 / 惊悚 / 冒险
制片国家/地区: 英国/美国
年份: 2015",880.7
78,103,蜘蛛侠：英雄归来 Spider-Man: Homecoming,7.3,432816,"导演: 乔·沃茨
主演: 汤姆·赫兰德 / 小罗伯特·唐尼 / 玛丽莎·托梅
类型: 动作 / 科幻 / 冒险
制片国家/地区: 美国
年份: 2017",880.2
79,104,冰川时代4 Ice Age: Continental Drift,8.1,227105,"导演: 麦克·特米尔 / 史蒂夫·马蒂诺
主演: 阿兹·安萨里 / 乔·贝哈 / 克里斯托弗·坎贝尔
类型: 喜剧 / 动画 / 冒险
制片国家/地区: 美国
年份: 2012",877.2
80,105,蝙蝠侠大战超人：正义黎明 Batman v Superman: Dawn of Justice,7,293216,"导演: 扎克·施奈德
主演: 本·阿弗莱克 / 亨利·卡维尔 / 艾米·亚当斯
类型: 动作 / 科幻 / 奇幻 / 冒险
制片国家/地区: 美国
年份: 2016",873.6
81,106,战狼2,7.1,907633,"导演: 吴京
主演: 吴京 / 弗兰克·格里罗 / 吴刚
类型: 动作 / 战争
制片国家/地区: 中国大陆
年份: 2017",870.3
82,107,星球大战前传3：西斯的反击 Star Wars: Episode III - Revenge of the Sith,8.5,107700,"导演: 乔治·卢卡斯
主演: 伊万·麦克格雷格 / 娜塔莉·波特曼 / 海登·克里斯滕森
类型: 动作 / 科幻 / 奇幻 / 冒险
制片国家/地区: 美国
年份: 2005",8683
83,108,饥饿游戏2：星火燎原 The Hunger Games: Catching Fire,7.4,262404,"导演: 弗朗西斯·劳伦斯
主演: 詹妮弗·劳伦斯 / 乔什·哈切森 / 利亚姆·海姆斯沃斯
类型: 动作 / 科幻 / 冒险
制片国家/地区: 美国
年份: 2013",865
84,109,银河护卫队2 Guardians of the Galaxy Vol. 2,8,472719,"导演: 詹姆斯·古恩
主演: 克里斯·帕拉特 / 佐伊·索尔达娜 / 戴夫·巴蒂斯塔
类型: 动作 / 科幻 / 冒险
制片国家/地区: 美国
年份: 2017",863.8
85,110,黑豹2 Black Panther: Wakanda Forever,5.4,124131,"导演: 瑞恩·库格勒
主演: 利蒂希娅·赖特 / 露皮塔·尼永奥 / 丹娜·奎里拉
类型: 剧情 / 动作 / 科幻 / 奇幻 / 惊悚 / 冒险
制片国家/地区: 美国
年份: 2022",8592
86,111,头脑特工队 Inside Out,8.8,622031,"导演: 彼特·道格特 / 罗纳尔多·德尔·卡门
主演: 艾米·波勒 / 菲利丝·史密斯 / 理查德·坎德
类型: 喜剧 / 动画 / 冒险
制片国家/地区: 美国
年份: 2015",857.6
87,112,毒液：致命守护者 Venom,7.2,829324,"导演: 鲁本·弗雷斯彻
主演: 汤姆·哈迪 / 米歇尔·威廉姆斯 / 里兹·阿迈德
类型: 动作 / 科幻 / 惊悚
制片国家/地区: 美国/中国大陆
年份: 2018",856.1
88,113,雷神3：诸神黄昏 Thor: Ragnarok,7.4,412690,"导演: 塔伊加·维迪提
主演: 克里斯·海姆斯沃斯 / 汤姆·希德勒斯顿 / 凯特·布兰切特
类型: 动作 / 奇幻 / 冒险
制片国家/地区: 美国
年份: 2017",854
89,114,暮光之城4：破晓(下) The Twilight Saga: Breaking Dawn - Part 2,7.2,181127,"导演: 比尔·康顿
主演: 克里斯汀·斯图尔特 / 罗伯特·帕丁森 / 泰勒·洛特纳
类型: 剧情 / 爱情 / 惊悚 / 奇幻 / 冒险
制片国家/地区: 美国
年份: 2012",8488
90,115,银河护卫队3 Guardians of the Galaxy Vol. 3,8.4,465988,"导演: 詹姆斯·古恩
主演: 克里斯·帕拉特 / 佐伊·索尔达娜 / 戴夫·巴蒂斯塔
类型: 喜剧 / 动作 / 科幻 / 惊悚 / 冒险
制片国家/地区: 美国
年份: 2023",8455
91,116,盗梦空间 Inception,9.4,2087541,"导演: 克里斯托弗·诺兰
主演: 莱昂纳多·迪卡普里奥 / 约瑟夫·高登-莱维特 / 艾利奥特·佩吉
类型: 剧情 / 科幻 / 悬疑 / 冒险
制片国家/地区: 美国/英国
年份: 2010",8371
92,117,变形金刚2 Transformers: Revenge of the Fallen,7.8,374568,"导演: 迈克尔·贝
主演: 希亚·拉博夫 / 梅根·福克斯 / 乔什·杜哈明
类型: 动作 / 科幻 / 冒险
制片国家/地区: 美国
年份: 2009",836.3
93,118,蜘蛛侠 Spider-Man,8,381432,"导演: 山姆·雷米
主演: 托比·马奎尔 / 威廉·达福 / 克斯汀·邓斯特
类型: 动作 / 科幻 / 冒险
制片国家/地区: 美国
年份: 2002",8250
94,119,神奇女侠 Wonder Woman,7.1,469075,"导演: 派蒂·杰金斯
主演: 盖尔·加朵 / 克里斯·派恩 / 康妮·尼尔森
类型: 动作 / 奇幻 / 冒险
制片国家/地区: 美国/中国大陆/中国香港
年份: 2017",822.8
95,120,你好，李焕英,7.7,1419910,"导演: 贾玲
主演: 贾玲 / 张小斐 / 沈腾
类型: 剧情 / 喜剧 / 奇幻
制片国家/地区: 中国大陆
年份: 2021",822
96,121,独立日 Independence Day,8.1,290949,"导演: 罗兰·艾默里奇
主演: 威尔·史密斯 / 杰夫·高布伦 / 比尔·普尔曼
类型: 动作 / 科幻 / 冒险 / 灾难
制片国家/地区: 美国
年份: 1996",817.4
97,122,寻梦环游记 Coco,9.1,1703696,"导演: 李·昂克里奇 / 阿德里安·莫利纳
主演: 安东尼·冈萨雷斯 / 盖尔·加西亚·贝纳尔 / 本杰明·布拉特
类型: 喜剧 / 动画 / 奇幻 / 音乐
制片国家/地区: 美国
年份: 2017",8143
98,123,神奇动物在哪里 Fantastic Beasts and Where to Find Them,7.7,622782,"导演: 大卫·叶茨
主演: 埃迪·雷德梅恩 / 凯瑟琳·沃特斯顿 / 丹·福勒
类型: 剧情 / 奇幻 / 冒险
制片国家/地区: 英国/美国
年份: 2016",814
99,124,怪物史瑞克3 Shrek the Third,7.4,71500,"导演: 克里斯·米勒 / 许诚毅
主演: 麦克·梅尔斯 / 艾迪·墨菲 / 卡梅隆·迪亚兹
类型: 动画 / 冒险 / 喜剧 / 家庭 / 奇幻
制片国家/地区: 美国
年份: 2007",8133
100,125,勇敢者游戏2：再战巅峰 Jumanji: The Next Level,5.9,114141,"导演: 杰克·卡斯丹
主演: 道恩·强森 / 凯伦·吉兰 / 杰克·布莱克
类型: 喜剧 / 动作 / 奇幻 / 冒险
制片国家/地区: 美国
年份: 2019",8016
101,126,哈利·波特与阿兹卡班的囚徒 Harry Potter and the Prisoner of Azkaban,8.9,741516,"导演: 阿方索·卡隆
主演: 丹尼尔·雷德克里夫 / 艾玛·沃森 / 鲁伯特·格林特
类型: 奇幻 / 冒险
制片国家/地区: 英国/美国
年份: 2004",796.7
102,127,加勒比海盗5：死无对证 Pirates of the Caribbean: Dead Men Tell No Tales,7.2,369137,"导演: 艾斯彭·山德伯格 / 乔阿吉姆·罗恩尼
主演: 约翰尼·德普 / 布伦顿·思韦茨 / 卡雅·斯考达里奥
类型: 动作 / 奇幻 / 冒险
制片国家/地区: 美国
年份: 2017",794.9
103,128,E.T.外星人 E.T. the Extra-Terrestrial,8.6,330325,"导演: 史蒂文·斯皮尔伯格
主演: 亨利·托马斯 / 迪·沃伦斯 / 罗伯特·麦克纳夫顿
类型: 剧情 / 科幻
制片国家/地区: 美国
年份: 1982",7934
104,129,碟中谍6：全面瓦解 Mission: Impossible - Fallout,8.1,507630,"导演: 克里斯托弗·麦奎里
主演: 汤姆·克鲁斯 / 亨利·卡维尔 / 文·瑞姆斯
类型: 动作 / 惊悚 / 冒险
制片国家/地区: 美国/中国大陆/法国/挪威/英国
年份: 2018",791.6
105,130,2012,8,571006,"导演: 罗兰·艾默里奇
主演: 约翰·库萨克 / 阿曼达·皮特 / 切瓦特·埃加福
类型: 科幻 / 灾难
制片国家/地区: 美国/加拿大
年份: 2009",7912
106,131,夺宝奇兵4 Indiana Jones and the Kingdom of the Crystal Skull,7.3,63771,"导演: 史蒂文·斯皮尔伯格
主演: 哈里森·福特 / 希亚·拉博夫 / 凯特·布兰切特
类型: 动作 / 冒险 / 惊悚
制片国家/地区: 美国
年份: 2008",7906
107,132,蜘蛛侠2 Spider-Man 2,7.8,284682,"导演: 山姆·雷米
主演: 托比·马奎尔 / 克斯汀·邓斯特 / 詹姆斯·弗兰科
类型: 动作 / 科幻 / 冒险
制片国家/地区: 美国
年份: 2004",7889
108,133,速度与激情6 Furious 6,7.9,270187,"导演: 林诣彬
主演: 范·迪塞尔 / 保罗·沃克 / 道恩·强森
类型: 动作 / 犯罪
制片国家/地区: 美国
年份: 2013",788.7
109,134,奥本海默 Oppenheimer,8.9,531583,"导演: 克里斯托弗·诺兰
主演: 基里安·墨菲 / 艾米莉·布朗特 / 马特·达蒙
类型: 剧情 / 传记 / 历史
制片国家/地区: 美国/英国
年份: 2023",7881
110,135,死侍2：我爱我家 Deadpool 2,7.3,437242,"导演: 大卫·雷奇
主演: 瑞安·雷诺兹 / 乔什·布洛林 / 朱利安·迪尼森
类型: 喜剧 / 动作 / 科幻 / 冒险
制片国家/地区: 美国
年份: 2018",785
111,136,死侍 Deadpool,7.9,467625,"导演: 蒂姆·米勒
主演: 瑞安·雷诺兹 / 莫蕾娜·巴卡琳 / 艾德·斯克林
类型: 喜剧 / 动作 / 科幻 / 冒险
制片国家/地区: 美国/加拿大
年份: 2016",7826
112,137,星球大战 Star Wars,8.5,140355,"导演: 乔治·卢卡斯
主演: 哈里森·福特 / 马克·哈米尔 / 凯丽·费雪
类型: 动作 / 科幻 / 冒险
制片国家/地区: 美国
年份: 1977",775.4
113,138,007：无暇赴死 No Time to Die,6.6,287553,"导演: 凯瑞·福永
主演: 丹尼尔·克雷格 / 蕾雅·赛杜 / 拉米·马雷克
类型: 动作 / 惊悚 / 冒险
制片国家/地区: 英国/美国
年份: 2021",7740
114,139,银河护卫队 Guardians of the Galaxy,8.1,528800,"导演: 詹姆斯·古恩
主演: 克里斯·帕拉特 / 佐伊·索尔达娜 / 戴夫·巴蒂斯塔
类型: 动作 / 科幻 / 冒险
制片国家/地区: 美国
年份: 2014",773.3
115,140,新蝙蝠侠 The Batman,7.2,309553,"导演: 马特·里夫斯
主演: 罗伯特·帕丁森 / 佐伊·克罗维兹 / 保罗·达诺
类型: 剧情 / 动作 / 犯罪 / 悬疑
制片国家/地区: 美国
年份: 2022",7708
116,141,雷神4：爱与雷霆 Thor: Love and Thunder,5.4,145820,"导演: 塔伊加·维迪提
主演: 克里斯·海姆斯沃斯 / 娜塔莉·波特曼 / 克里斯蒂安·贝尔
类型: 喜剧 / 动作 / 爱情 / 科幻 / 奇幻 / 冒险
制片国家/地区: 澳大利亚/美国
年份: 2022",760.9
117,142,速度与激情：特别行动 Fast & Furious Presents: Hobbs & Shaw,6.3,253388,"导演: 大卫·雷奇
主演: 道恩·强森 / 杰森·斯坦森 / 伊德里斯·艾尔巴
类型: 喜剧 / 动作 / 冒险
制片国家/地区: 美国/日本
年份: 2019",7607
118,143,达·芬奇密码 The Da Vinci Code,7.4,249559,"导演: 朗·霍华德
主演: 汤姆·汉克斯 / 奥黛丽·塔图 / 伊恩·麦克莱恩
类型: 悬疑 / 惊悚
制片国家/地区: 美国/马耳他/法国/英国
年份: 2006",7600
119,144,沉睡魔咒 Maleficent,7.4,325938,"导演: 罗伯特·斯特罗姆伯格
主演: 安吉丽娜·朱莉 / 艾丽·范宁 / 沙尔托·科普雷
类型: 奇幻 / 冒险
制片国家/地区: 美国/英国
年份: 2014",758.5
120,145,超凡蜘蛛侠 The Amazing Spider-Man,7.7,336920,"导演: 马克·韦布
主演: 安德鲁·加菲尔德 / 艾玛·斯通 / 瑞斯·伊凡斯
类型: 动作 / 科幻 / 奇幻 / 冒险
制片国家/地区: 美国
年份: 2012",757.9
121,146,饥饿游戏3：嘲笑鸟(上) The Hunger Games: Mockingjay - Part 1,6.3,176068,"导演: 弗朗西斯·劳伦斯
主演: 詹妮弗·劳伦斯 / 乔什·哈切森 / 利亚姆·海姆斯沃斯
类型: 动作 / 科幻 / 冒险
制片国家/地区: 美国
年份: 2014",755.4
122,147,怪物史瑞克4 Shrek Forever After,7.6,62042,"导演: 迈克·米切尔
主演: 麦克·梅尔斯 / 艾迪·墨菲 / 卡梅隆·迪亚兹
类型: 喜剧 / 动作 / 动画 / 冒险
制片国家/地区: 美国
年份: 2010",752.6
123,148,地心引力 Gravity,7.9,438473,"导演: 阿方索·卡隆
主演: 桑德拉·布洛克 / 乔治·克鲁尼 / 艾德·哈里斯
类型: 科幻 / 惊悚 / 灾难
制片国家/地区: 英国/美国/墨西哥
年份: 2013",7480
124,149,马达加斯加3 Madagascar 3: Europe's Most Wanted,8.2,174137,"导演: 康拉德·弗农 / 埃里克·达尼尔 / 汤姆·麦格拉思
主演: 本·斯蒂勒 / 克里斯·洛克 / 大卫·休默
类型: 喜剧 / 动画 / 冒险
制片国家/地区: 美国
年份: 2012",7469
125,150,自杀小队 Suicide Squad,6.7,305076,"导演: 大卫·阿耶
主演: 威尔·史密斯 / 杰瑞德·莱托 / 玛格特·罗比
类型: 动作 / 犯罪 / 奇幻
制片国家/地区: 美国
年份: 2016",7468
126,151,X战警：逆转未来 X-Men: Days of Future Past,8.2,448133,"导演: 布莱恩·辛格
主演: 休·杰克曼 / 詹姆斯·麦卡沃伊 / 迈克尔·法斯宾德
类型: 剧情 / 动作 / 科幻 / 冒险
制片国家/地区: 美国/英国
年份: 2014",7460
127,152,纳尼亚传奇1：狮子、女巫和魔衣橱 The Chronicles of Narnia: The Lion, the Witch and the Wardrobe,7.6,185048,"导演: 安德鲁·亚当森
主演: 乔芝·韩莉 / 斯堪德·凯恩斯 / 威廉·莫斯里
类型: 剧情 / 奇幻 / 冒险
制片国家/地区: 英国/美国
年份: 2005",745
128,153,怪兽大学 Monsters University,8.3,370917,"导演: 丹·斯坎隆
主演: 比利·克里斯托 / 约翰·古德曼 / 史蒂夫·布西密
类型: 喜剧 / 动画 / 冒险
制片国家/地区: 美国
年份: 2013",744.2
129,154,黑客帝国2：重装上阵 The Matrix Reloaded,8.7,409936,"导演: 拉娜·沃卓斯基 / 莉莉·沃卓斯基
主演: 基努·里维斯 / 劳伦斯·菲什伯恩 / 凯瑞-安·莫斯
类型: 动作 / 科幻
制片国家/地区: 美国
年份: 2003",742.1
130,155,飞屋环游记 Up,9.1,1339987,"导演: 彼特·道格特 / 鲍勃·彼德森
主演: 爱德华·阿斯纳 / 克里斯托弗·普卢默 / 乔丹·长井
类型: 剧情 / 喜剧 / 动画 / 冒险
制片国家/地区: 美国
年份: 2009",735.1
131,156,哪吒之魔童降世,8.4,1830585,"导演: 饺子
主演: 吕艳婷 / 囧森瑟夫 / 瀚墨
类型: 剧情 / 喜剧 / 动画 / 奇幻
制片国家/地区: 中国大陆
年份: 2019",7262
132,157,速度与激情9 F9: The Fast Saga,5.1,204414,"导演: 林诣彬
主演: 范·迪塞尔 / 约翰·塞纳 / 米歇尔·罗德里格兹
类型: 动作 / 犯罪
制片国家/地区: 美国
年份: 2021",7262
133,158,星际穿越 Interstellar,9.4,1869704,"导演: 克里斯托弗·诺兰
主演: 马修·麦康纳 / 安妮·海瑟薇 / 杰西卡·查斯坦
类型: 剧情 / 科幻 / 冒险
制片国家/地区: 美国/英国/加拿大
年份: 2014",7157
134,159,美国队长2 Captain America: The Winter Soldier,8,442413,"导演: 安东尼·罗素 / 乔·罗素
主演: 克里斯·埃文斯 / 斯嘉丽·约翰逊 / 塞巴斯蒂安·斯坦
类型: 动作 / 科幻 / 惊悚 / 冒险
制片国家/地区: 美国
年份: 2014",714.4
135,160,暮光之城4：破晓(上) The Twilight Saga: Breaking Dawn - Part 1,6.9,191737,"导演: 比尔·康顿
主演: 罗伯特·帕丁森 / 克里斯汀·斯图尔特 / 泰勒·洛特纳
类型: 剧情 / 爱情 / 惊悚 / 奇幻 / 冒险
制片国家/地区: 美国
年份: 2011",712.2
136,161,暮光之城2：新月 The Twilight Saga: New Moon,6.9,282825,"导演: 克里斯·韦兹
主演: 克里斯汀·斯图尔特 / 罗伯特·帕丁森 / 泰勒·洛特纳
类型: 剧情 / 爱情 / 惊悚 / 奇幻
制片国家/地区: 美国
年份: 2009",7110
137,162,猩球崛起2：黎明之战 Dawn of the Planet of the Apes,7.7,302948,"导演: 马特·里夫斯
主演: 安迪·瑟金斯 / 杰森·克拉克 / 加里·奥德曼
类型: 剧情 / 动作 / 科幻
制片国家/地区: 美国
年份: 2014",710.6
138,163,变形金刚 Transformers,8.3,494322,"导演: 迈克尔·贝
主演: 希亚·拉博夫 / 梅根·福克斯 / 乔什·杜哈明
类型: 动作 / 科幻
制片国家/地区: 美国
年份: 2007",709.7
139,164,超凡蜘蛛侠2 The Amazing Spider-Man 2,7.7,298034,"导演: 马克·韦布
主演: 安德鲁·加菲尔德 / 艾玛·斯通 / 杰米·福克斯
类型: 动作 / 科幻 / 奇幻 / 冒险
制片国家/地区: 美国
年份: 2014",7089
140,165,速度与激情10 Fast X,6.2,171963,"导演: 路易斯·莱特里尔
主演: 范·迪塞尔 / 米歇尔·罗德里格兹 / 杰森·莫玛
类型: 动作 / 犯罪 / 悬疑 / 惊悚 / 冒险
制片国家/地区: 美国
年份: 2023",7047
141,166,小丑回魂 It,7.5,199218,"导演: 安德斯·穆斯切蒂
主演: 比尔·斯卡斯加德 / 杰登·马泰尔 / 杰里米·雷·泰勒
类型: 剧情 / 恐怖
制片国家/地区: 美国/加拿大
年份: 2017",7017
142,167,流浪地球,7.9,1933228,"导演: 郭帆
主演: 吴京 / 屈楚萧 / 李光洁
类型: 科幻 / 冒险 / 灾难
制片国家/地区: 中国大陆
年份: 2019",699.8
143,168,暮光之城3：月食 The Twilight Saga: Eclipse,6.9,222560,"导演: 大卫·斯雷德
主演: 克里斯汀·斯图尔特 / 罗伯特·帕丁森 / 泰勒·洛特纳
类型: 剧情 / 爱情 / 惊悚 / 奇幻
制片国家/地区: 美国
年份: 2010",698.5
144,169,碟中谍4 Mission: Impossible - Ghost Protocol,8.4,436707,"导演: 布拉德·伯德
主演: 汤姆·克鲁斯 / 杰瑞米·雷纳 / 西蒙·佩吉
类型: 动作 / 惊悚 / 冒险
制片国家/地区: 美国
年份: 2011",694.7
145,170,妈妈咪呀 Mamma Mia!,7.6,84134,"导演: 菲利达·劳埃德
主演: 梅丽尔·斯特里普 / 阿曼达·塞弗里德 / 皮尔斯·布鲁斯南
类型: 喜剧 / 歌舞 / 爱情
制片国家/地区: 英国/美国/德国
年份: 2008",6944
146,171,饥饿游戏 The Hunger Games,7.1,367479,"导演: 盖瑞·罗斯
主演: 詹妮弗·劳伦斯 / 乔什·哈切森 / 利亚姆·海姆斯沃斯
类型: 动作 / 科幻 / 冒险
制片国家/地区: 美国
年份: 2012",694.4
147,172,蜘蛛侠：纵横宇宙 Spider-Man: Across the Spider-Verse,8.5,386352,"导演: 乔伊姆·多斯·桑托斯 / 凯普·鲍尔斯 / 贾斯汀·汤普森
主演: 沙梅克·摩尔 / 海莉·斯坦菲尔德 / 奥斯卡·伊萨克
类型: 喜剧 / 动作 / 科幻 / 动画 / 奇幻 / 冒险
制片国家/地区: 美国
年份: 2023",6893
148,173,海洋奇缘 Moana,7.5,190292,"导演: 罗恩·克莱蒙兹 / 约翰·马斯克 / 唐·霍尔 / 克里斯·威廉姆斯
主演: 奥丽伊·卡瓦洛 / 道恩·强森 / 瑞切尔·豪斯
类型: 动画 / 奇幻 / 冒险 / 歌舞
制片国家/地区: 美国
年份: 2016",6872
149,174,唐人街探案3,5.3,1063131,"导演: 陈思诚
主演: 王宝强 / 刘昊然 / 妻夫木聪
类型: 喜剧 / 悬疑
制片国家/地区: 中国大陆/中国香港/日本
年份: 2021",6862
150,175,碟中谍5：神秘国度 Mission: Impossible - Rogue Nation,7.9,330219,"导演: 克里斯托弗·麦奎里
主演: 汤姆·克鲁斯 / 杰瑞米·雷纳 / 丽贝卡·弗格森
类型: 动作 / 惊悚 / 冒险
制片国家/地区: 美国/中国大陆/奥地利/英国/摩洛哥
年份: 2015",682.7
151,176,阿甘正传 Forrest Gump,9.5,2183419,"导演: 罗伯特·泽米吉斯
主演: 汤姆·汉克斯 / 罗宾·怀特 / 加里·西尼斯
类型: 剧情 / 爱情
制片国家/地区: 美国
年份: 1994",677.9
152,177,奇异博士 Doctor Strange,7.6,582457,"导演: 斯科特·德瑞克森
主演: 本尼迪克特·康伯巴奇 / 蒂尔达·斯文顿 / 麦斯·米科尔森
类型: 动作 / 奇幻 / 冒险
制片国家/地区: 美国
年份: 2016",677.7
153,178,第六感 The Sixth Sense,8.9,561631,"导演: M·奈特·沙马兰
主演: 布鲁斯·威利斯 / 海利·乔·奥斯蒙 / 托妮·科莱特
类型: 剧情 / 悬疑 / 惊悚
制片国家/地区: 美国
年份: 1999",672.8
154,179,超人：钢铁之躯 Man of Steel,7.3,254368,"导演: 扎克·施奈德
主演: 亨利·卡维尔 / 艾米·亚当斯 / 迈克尔·珊农
类型: 动作 / 科幻 / 冒险
制片国家/地区: 美国/英国
年份: 2013",668
155,180,冰川时代2 Ice Age: The Meltdown,8.2,241571,"导演: 卡洛斯·沙尔丹哈
主演: 雷·罗马诺 / 约翰·雷吉扎莫 / 丹尼斯·利瑞
类型: 喜剧 / 动画 / 冒险
制片国家/地区: 美国
年份: 2006",6670
156,181,功夫熊猫2 Kung Fu Panda 2,8.1,443185,"导演: 吕寅荣
主演: 杰克·布莱克 / 安吉丽娜·朱莉 / 达斯汀·霍夫曼
类型: 喜剧 / 动作 / 动画 / 冒险
制片国家/地区: 美国
年份: 2011",665.7
157,182,正义联盟 Justice League,6.3,308722,"导演: 扎克·施奈德
主演: 本·阿弗莱克 / 亨利·卡维尔 / 盖尔·加朵
类型: 动作 / 科幻 / 奇幻 / 冒险
制片国家/地区: 美国
年份: 2017",657.9
158,183,超能陆战队 Big Hero 6,8.7,1024820,"导演: 唐·霍尔 / 克里斯·威廉姆斯
主演: 斯科特·安第斯 / 瑞恩·波特 / 丹尼尔·海尼
类型: 喜剧 / 动作 / 科幻 / 动画 / 冒险
制片国家/地区: 美国
年份: 2014",657.8
159,184,神奇动物：格林德沃之罪 Fantastic Beasts: The Crimes of Grindelwald,7,482904,"导演: 大卫·叶茨
主演: 埃迪·雷德梅恩 / 凯瑟琳·沃特斯顿 / 约翰尼·德普
类型: 奇幻 / 冒险
制片国家/地区: 美国/英国
年份: 2018",6548
160,185,加勒比海盗 Pirates of the Caribbean: The Curse of the Black Pearl,8.8,867876,"导演: 戈尔·维宾斯基
主演: 约翰尼·德普 / 杰弗里·拉什 / 奥兰多·布鲁姆
类型: 动作 / 冒险 / 奇幻
制片国家/地区: 美国
年份: 2003",654.3
161,186,星球大战前传2：克隆人的进攻 Star Wars: Episode II - Attack of the Clones,8.1,102156,"导演: 乔治·卢卡斯
主演: 伊万·麦克格雷格 / 娜塔莉·波特曼 / 海登·克里斯滕森
类型: 动作 / 科幻 / 冒险
制片国家/地区: 美国
年份: 2002",649.4
162,187,饥饿游戏3：嘲笑鸟(下) The Hunger Games: Mockingjay - Part 2,6.5,143710,"导演: 弗朗西斯·劳伦斯
主演: 詹妮弗·劳伦斯 / 乔什·哈切森 / 利亚姆·海姆斯沃斯
类型: 动作 / 科幻 / 冒险
制片国家/地区: 美国
年份: 2015",6534
163,188,雷神2：黑暗世界 Thor: The Dark World,7.4,335670,"导演: 阿兰·泰勒
主演: 克里斯·海姆斯沃斯 / 娜塔莉·波特曼 / 汤姆·希德勒斯顿
类型: 动作 / 奇幻 / 冒险
制片国家/地区: 美国
年份: 2013",6447
164,189,欢乐好声音 Sing,8.1,280977,"导演: 加斯·詹宁斯 / 克里斯托夫·卢尔德莱
主演: 马修·麦康纳 / 瑞茜·威瑟斯彭 / 塞思·麦克法兰
类型: 喜剧 / 动画 / 歌舞
制片国家/地区: 美国
年份: 2016",634.2
165,190,功夫熊猫 Kung Fu Panda,8.2,574158,"导演: 马克·奥斯本 / 约翰·斯蒂文森
主演: 杰克·布莱克 / 达斯汀·霍夫曼 / 安吉丽娜·朱莉
类型: 喜剧 / 动作 / 动画 / 冒险
制片国家/地区: 美国
年份: 2008",6320
166,191,超人总动员 The Incredibles,8.2,304184,"导演: 布拉德·伯德
主演: 格雷格·T·尼尔森 / 霍利·亨特 / 塞缪尔·杰克逊
类型: 喜剧 / 动作 / 动画 / 冒险
制片国家/地区: 美国
年份: 2004",6316
167,192,火星救援 The Martian,8.5,736615,"导演: 雷德利·斯科特
主演: 马特·达蒙 / 杰西卡·查斯坦 / 克里斯汀·韦格
类型: 剧情 / 科幻 / 冒险
制片国家/地区: 英国/美国/匈牙利/约旦
年份: 2015",630.2
168,193,全民超人汉考克 Hancock,6.9,187184,"导演: 彼得·博格
主演: 威尔·史密斯 / 查理兹·塞隆 / 杰森·贝特曼
类型: 动作 / 犯罪 / 奇幻
制片国家/地区: 美国
年份: 2008",6294
169,194,长津湖之水门桥,7.2,360455,"导演: 徐克
主演: 吴京 / 易烊千玺 / 朱亚文
类型: 剧情 / 历史 / 战争
制片国家/地区: 中国大陆/中国香港
年份: 2022",6262
170,195,速度与激情5 Fast Five,8.5,370138,"导演: 林诣彬
主演: 范·迪塞尔 / 保罗·沃克 / 乔丹娜·布鲁斯特
类型: 动作 / 犯罪
制片国家/地区: 美国
年份: 2011",626.1
171,196,黑衣人3 Men in Black III,7.7,288537,"导演: 巴里·索南菲尔德
主演: 威尔·史密斯 / 汤米·李·琼斯 / 乔什·布洛林
类型: 动作 / 喜剧 / 科幻
制片国家/地区: 美国
年份: 2012",624
172,197,钢铁侠2 Iron Man 2,7.7,423912,"导演: 乔恩·费儒
主演: 小罗伯特·唐尼 / 格温妮斯·帕特洛 / 米基·洛克
类型: 动作 / 冒险 / 科幻
制片国家/地区: 美国
年份: 2010",623.9
173,198,美食总动员 Ratatouille,8.5,376346,"导演: 布拉德·伯德 / 简·皮克瓦
主演: 帕顿·奥斯瓦尔特 / 伊安·霍姆 / 卢·罗曼诺
类型: 喜剧 / 动画 / 奇幻
制片国家/地区: 美国
年份: 2007",6237
174,199,蚁人2：黄蜂女现身 Ant-Man and the Wasp,7.2,444278,"导演: 佩顿·里德
主演: 保罗·路德 / 伊万杰琳·莉莉 / 迈克尔·佩纳
类型: 动作 / 科幻 / 冒险
制片国家/地区: 美国
年份: 2018",622.7
175,200,驯龙高手2 How to Train Your Dragon 2,8.1,301541,"导演: 迪恩·德布洛斯
主演: 杰伊·巴鲁切尔 / 凯特·布兰切特 / 杰拉德·巴特勒
类型: 动画 / 奇幻 / 冒险
制片国家/地区: 美国
年份: 2014",621.5
176,201,金刚狼3：殊死一战 Logan,8.3,422172,"导演: 詹姆斯·曼高德
主演: 休·杰克曼 / 帕特里克·斯图尔特 / 达芙妮·基恩
类型: 剧情 / 动作 / 科幻
制片国家/地区: 美国
年份: 2017",619
177,202,侏罗纪公园2：失落的世界 The Lost World: Jurassic Park,7.6,154983,"导演: 史蒂文·斯皮尔伯格
主演: 杰夫·高布伦 / 朱丽安·摩尔 / 皮特·波斯尔思韦特
类型: 动作 / 冒险 / 科幻 / 惊悚
制片国家/地区: 美国
年份: 1997",618.6
178,203,007：大战皇家赌场 Casino Royale,7.8,193385,"导演: 马丁·坎贝尔
主演: 丹尼尔·克雷格 / 伊娃·格林 / 麦斯·米科尔森
类型: 剧情 / 动作 / 惊悚 / 冒险
制片国家/地区: 英国/捷克/美国/德国/巴哈马
年份: 2006",6165
179,204,耶稣受难记 The Passion of the Christ,7.9,35065,"导演: 梅尔·吉布森
主演: 吉姆·卡维泽 / 玛雅·摩根斯特恩 / 克里斯托·日夫科夫
类型: 剧情
制片国家/地区: 美国
年份: 2004",611.9
180,205,少年派的奇幻漂流 Life of Pi,9.1,1360865,"导演: 李安
主演: 苏拉·沙玛 / 伊尔凡·可汗 / 拉菲·斯波
类型: 剧情 / 奇幻 / 冒险
制片国家/地区: 美国/中国台湾/英国/加拿大
年份: 2012",609
181,206,变形金刚5：最后的骑士 Transformers: The Last Knight,4.9,253033,"导演: 迈克尔·贝
主演: 马克·沃尔伯格 / 安东尼·霍普金斯 / 乔什·杜哈明
类型: 动作 / 科幻 / 冒险
制片国家/地区: 美国/中国大陆/加拿大
年份: 2017",605.4
182,207,马达加斯加2：逃往非洲 Madagascar: Escape 2 Africa,7.8,124112,"导演: 埃里克·达尼尔 / 汤姆·麦格拉思
主演: 本·斯蒂勒 / 克里斯·洛克 / 大卫·休默
类型: 动画 / 动作 / 冒险 / 喜剧 / 家庭
制片国家/地区: 美国
年份: 2008",603.9
183,208,世界之战 War of the Worlds,6.7,90307,"导演: 史蒂文·斯皮尔伯格
主演: 汤姆·克鲁斯 / 达科塔·范宁 / 米兰达·奥图
类型: 科幻 / 惊悚 / 冒险
制片国家/地区: 美国
年份: 2005",6038
184,209,魔发奇缘 Tangled,8.3,271402,"导演: 内森·格雷诺 / 拜伦·霍华德
主演: 曼迪·摩尔 / 扎克瑞·莱维 / 唐纳·墨菲
类型: 喜剧 / 动画 / 冒险
制片国家/地区: 美国
年份: 2010",591.8
185,210,007：大破量子危机 Quantum of Solace,6.7,119825,"导演: 马克·福斯特
主演: 丹尼尔·克雷格 / 欧嘉·柯瑞兰寇 / 马修·阿马立克
类型: 动作 / 悬疑 / 惊悚 / 冒险
制片国家/地区: 英国/美国
年份: 2008",5895
186,211,黑衣人 Men in Black,8.3,338333,"导演: 巴里·索南菲尔德
主演: 威尔·史密斯 / 汤米·李·琼斯 / 琳达·费奥伦蒂诺
类型: 动作 / 喜剧 / 科幻
制片国家/地区: 美国
年份: 1997",589.4
187,212,疯狂原始人 The Croods,8.7,845889,"导演: 柯克·德·米科 / 克里斯·桑德斯
主演: 尼古拉斯·凯奇 / 艾玛·斯通 / 瑞安·雷诺兹
类型: 喜剧 / 动画 / 冒险
制片国家/地区: 美国
年份: 2013",587.2
188,213,宿醉2 The Hangover Part II,6.9,115732,"导演: 托德·菲利普斯
主演: 布莱德利·库珀 / 扎克·加利凡纳基斯 / 艾德·赫尔姆斯
类型: 喜剧
制片国家/地区: 美国
年份: 2011",586.8
189,214,钢铁侠 Iron Man,8.4,601993,"导演: 乔恩·费儒
主演: 小罗伯特·唐尼 / 泰伦斯·霍华德 / 格温妮斯·帕特洛
类型: 动作 / 冒险 / 科幻 / 惊悚
制片国家/地区: 美国
年份: 2008",5857
190,215,我是传奇 I Am Legend,8.1,409326,"导演: 弗朗西斯·劳伦斯
主演: 威尔·史密斯 / 艾莉丝·布拉加 / 查理·塔汉
类型: 剧情 / 动作 / 惊悚 / 冒险
制片国家/地区: 美国
年份: 2007",585.3
191,216,头号玩家 Ready Player One,8.7,1380198,"导演: 史蒂文·斯皮尔伯格
主演: 泰伊·谢里丹 / 奥利维亚·库克 / 本·门德尔森
类型: 动作 / 科幻 / 冒险
制片国家/地区: 美国
年份: 2018",582.9
192,217,怪兽电力公司 Monsters, Inc.,8.8,679922,"导演: 彼特·道格特 / 大卫·西尔弗曼 / 李·昂克里奇
主演: 约翰·古德曼 / 比利·克里斯托 / 玛丽·吉布斯
类型: 儿童 / 喜剧 / 动画 / 奇幻 / 冒险
制片国家/地区: 美国
年份: 2001",5797
193,218,红海行动,8.2,1037220,"导演: 林超贤
主演: 张译 / 黄景瑜 / 海清
类型: 动作 / 战争
制片国家/地区: 中国大陆/中国香港
年份: 2018",579.2
194,219,博物馆奇妙夜 Night at the Museum,7.7,296439,"导演: 肖恩·利维
主演: 本·斯蒂勒 / 欧文·威尔逊 / 罗宾·威廉姆斯
类型: 动作 / 冒险 / 喜剧 / 家庭 / 奇幻
制片国家/地区: 美国/英国
年份: 2006",574.5
195,220,,0,0,"",571
196,221,小美人鱼 The Little Mermaid,4.8,49679,"导演: 罗伯·马歇尔
主演: 海莉·贝利 / 乔纳·豪尔-金 / 梅丽莎·麦卡西
类型: 爱情 / 奇幻 / 冒险 / 歌舞
制片国家/地区: 美国
年份: 2023",5691
197,222,金刚：骷髅岛 Kong: Skull Island,6.5,234706,"导演: 乔丹·沃格特-罗伯茨
主演: 汤姆·希德勒斯顿 / 塞缪尔·杰克逊 / 布丽·拉尔森
类型: 动作 / 奇幻 / 冒险
制片国家/地区: 美国/中国大陆
年份: 2017",566.7
198,223,蓝精灵 The Smurfs,7.3,106982,"导演: 拉加·高斯内尔
主演: 尼尔·帕特里克·哈里斯 / 杰玛·梅斯 / 汉克·阿扎利亚
类型: 喜剧 / 动画 / 奇幻
制片国家/地区: 美国/比利时
年份: 2011",563.7
199,224,赛车总动员2 Cars 2,7.8,103476,"导演: 约翰·拉塞特 / 布拉德·刘易斯
主演: 欧文·威尔逊 / 王牌接线员拉里 / 迈克尔·凯恩
类型: 喜剧 / 动画 / 冒险
制片国家/地区: 美国
年份: 2011",5598
200,225,金刚 King Kong,8,311047,"导演: 彼得·杰克逊
主演: 安迪·瑟金斯 / 娜奥米·沃茨 / 杰克·布莱克
类型: 动作 / 奇幻 / 冒险
制片国家/地区: 新西兰/美国/德国
年份: 2005",5569
201,226,穿靴子的猫 Puss in Boots,7.6,145815,"导演: 克里斯·米勒
主演: 安东尼奥·班德拉斯 / 萨尔玛·海耶克 / 扎克·加利凡纳基斯
类型: 喜剧 / 动画 / 奇幻 / 冒险 / 家庭
制片国家/地区: 美国
年份: 2011",555
202,227,美人鱼,6.7,819024,"导演: 周星驰
主演: 邓超 / 罗志祥 / 张雨绮
类型: 喜剧 / 爱情 / 奇幻
制片国家/地区: 中国大陆/中国香港
年份: 2016",553.8
203,228,世界末日 Armageddon,7.8,78882,"导演: 迈克尔·贝
主演: 布鲁斯·威利斯 / 本·阿弗莱克 / 丽芙·泰勒
类型: 科幻 / 灾难
制片国家/地区: 美国
年份: 1998",553.7
204,229,后天 The Day After Tomorrow,8.3,501844,"导演: 罗兰·艾默里奇
主演: 丹尼斯·奎德 / 杰克·吉伦哈尔 / 埃米·罗森
类型: 科幻 / 灾难
制片国家/地区: 美国
年份: 2004",5526
205,230,碟中谍7：致命清算（上） Mission: Impossible – Dead Reckoning Part One,7.7,220060,"导演: 克里斯托弗·麦奎里
主演: 汤姆·克鲁斯 / 海莉·阿特维尔 / 文·瑞姆斯
类型: 动作 / 惊悚 / 冒险
制片国家/地区: 美国
年份: 2023",5526
206,231,泰迪熊 Ted,7.2,269755,"导演: 塞思·麦克法兰
主演: 塞思·麦克法兰 / 马克·沃尔伯格 / 米拉·库尼斯
类型: 喜剧
制片国家/地区: 美国
年份: 2012",549.4
207,232,美国狙击手 American Sniper,7.7,118684,"导演: 克林特·伊斯特伍德
主演: 布莱德利·库珀 / 西耶娜·米勒 / 卢克·葛莱姆斯
类型: 传记 / 动作 / 战争
制片国家/地区: 美国
年份: 2014",547.4
208,233,碟中谍2 Mission: Impossible II,7.3,189350,"导演: 吴宇森
主演: 汤姆·克鲁斯 / 多格雷·斯科特 / 坦迪·牛顿
类型: 动作 / 惊悚 / 冒险
制片国家/地区: 美国/德国
年份: 2000",546.4
209,234,唐人街探案2,6.6,904562,"导演: 陈思诚
主演: 王宝强 / 刘昊然 / 肖央
类型: 喜剧 / 动作 / 悬疑
制片国家/地区: 中国大陆
年份: 2018",544.1
210,235,X战警：天启 X-Men: Apocalypse,7.7,377284,"导演: 布莱恩·辛格
主演: 詹姆斯·麦卡沃伊 / 迈克尔·法斯宾德 / 詹妮弗·劳伦斯
类型: 动作 / 科幻 / 奇幻 / 冒险
制片国家/地区: 美国
年份: 2016",543.9
211,236,大侦探福尔摩斯2：诡影游戏 Sherlock Holmes: A Game of Shadows,7.7,227521,"导演: 盖·里奇
主演: 小罗伯特·唐尼 / 裘德·洛 / 瑞秋·麦克亚当斯
类型: 动作 / 犯罪 / 悬疑
制片国家/地区: 美国
年份: 2011",5438
212,237,神偷奶爸 Despicable Me,8.7,955690,"导演: 皮埃尔·柯芬 / 克里斯·雷纳德
主演: 史蒂夫·卡瑞尔 / 杰森·席格尔 / 拉塞尔·布兰德
类型: 喜剧 / 动画 / 冒险
制片国家/地区: 美国/法国
年份: 2010",543.1
213,238,灰姑娘 Cinderella,7,228402,"导演: 肯尼思·布拉纳
主演: 莉莉·詹姆斯 / 理查德·麦登 / 凯特·布兰切特
类型: 爱情 / 奇幻 / 冒险
制片国家/地区: 美国/英国
年份: 2015",5423
214,239,马达加斯加 Madagascar,7.9,197972,"导演: 埃里克·达尼尔 / 汤姆·麦格拉思
主演: 本·斯蒂勒 / 克里斯·洛克 / 大卫·休默
类型: 动画 / 冒险 / 喜剧 / 家庭
制片国家/地区: 美国
年份: 2005",5420
215,240,僵尸世界大战 World War Z,7.6,304101,"导演: 马克·福斯特
主演: 布拉德·皮特 / 米瑞·伊诺丝 / 马修·福克斯
类型: 动作 / 科幻 / 恐怖
制片国家/地区: 美国/英国/马耳他
年份: 2013",540
216,241,勇敢传说 Brave,7.6,180532,"导演: 马克∙安德鲁斯 / 布兰达∙查普曼 / 史蒂夫·普切尔
主演: 凯莉·麦克唐纳 / 艾玛·汤普森 / 比利·康诺利
类型: 喜剧 / 动画 / 奇幻 / 冒险
制片国家/地区: 美国
年份: 2012",5389
217,242,星球大战2：帝国反击战 Star Wars: Episode V - The Empire Strikes Back,8.4,106010,"导演: 厄文·克什纳
主演: 马克·哈米尔 / 哈里森·福特 / 凯丽·费雪
类型: 动作 / 冒险 / 科幻
制片国家/地区: 美国
年份: 1980",5383
218,243,辛普森一家 The Simpsons Movie,8.4,82759,"导演: 大卫·西尔弗曼
主演: 丹·卡斯泰兰尼塔 / 朱莉·卡夫娜 / 南茜·卡特莱特
类型: 动画 / 冒险 / 喜剧
制片国家/地区: 美国
年份: 2007",5364
219,244,荒野猎人 The Revenant,8,424240,"导演: 亚利桑德罗·冈萨雷斯·伊纳里多
主演: 莱昂纳多·迪卡普里奥 / 汤姆·哈迪 / 多姆纳尔·格里森
类型: 剧情 / 动作 / 冒险
制片国家/地区: 美国/中国香港/中国台湾
年份: 2015",533
220,245,巨齿鲨 The Meg,5.7,224489,"导演: 乔·德特杜巴
主演: 杰森·斯坦森 / 李冰冰 / 雷恩·威尔森
类型: 动作 / 科幻 / 惊悚
制片国家/地区: 美国/中国大陆/中国香港
年份: 2018",530.2
221,246,无敌破坏王2：大闹互联网 Ralph Breaks the Internet,8,386114,"导演: 菲尔·约翰斯顿 / 瑞奇·摩尔
主演: 约翰·C·赖利 / 萨拉·西尔弗曼 / 盖尔·加朵
类型: 喜剧 / 动画 / 奇幻 / 冒险
制片国家/地区: 美国
年份: 2018",529.2
222,247,精灵旅社3：疯狂假期 Hotel Transylvania 3: Summer Vacation,6.6,138764,"导演: 格恩迪·塔塔科夫斯基
主演: 亚当·桑德勒 / 凯瑟琳·哈恩 / 史蒂夫·布西密
类型: 喜剧 / 动画 / 奇幻
制片国家/地区: 美国/韩国
年份: 2018",528.6
223,248,宝贝老板 The Boss Baby,7.7,108383,"导演: 汤姆·麦格拉思
主演: 亚历克·鲍德温 / 迈尔斯·克里斯托弗·巴克什 / 吉米·坎摩尔
类型: 喜剧 / 动画
制片国家/地区: 美国
年份: 2017",528
224,249,敦刻尔克 Dunkirk,8.4,718637,"导演: 克里斯托弗·诺兰
主演: 菲恩·怀特海德 / 汤姆·格林-卡尼 / 杰克·劳登
类型: 剧情 / 历史 / 战争
制片国家/地区: 英国/法国/美国/荷兰
年份: 2017",526.9
225,250,绿毛怪格林奇 The Grinch,6.2,13314,"导演: 亚罗·切尼 / 斯科特·摩西尔
主演: 本尼迪克特·康伯巴奇 / 卡梅伦·丝蕾 / 拉什达·琼斯
类型: 喜剧 / 动画 / 奇幻
制片国家/地区: 法国/中国大陆/日本/美国
年份: 2018",5267
226,251,哥斯拉 Godzilla,6.6,211597,"导演: 加里斯·爱德华斯
主演: 亚伦·泰勒-约翰逊 / 卡梅隆·CJ·亚当斯 / 渡边谦
类型: 动作 / 科幻 / 冒险 / 灾难
制片国家/地区: 美国/日本
年份: 2014",5249
227,252,驯龙高手3 How to Train Your Dragon: The Hidden World,7.4,267047,"导演: 迪恩·德布洛斯
主演: 杰伊·巴鲁切尔 / 亚美莉卡·费雷拉 / F·默里·亚伯拉罕
类型: 动画 / 奇幻 / 冒险
制片国家/地区: 美国
年份: 2019",5245
228,253,大侦探福尔摩斯 Sherlock Holmes,7.7,313441,"导演: 盖·里奇
主演: 小罗伯特·唐尼 / 裘德·洛 / 瑞秋·麦克亚当斯
类型: 动作 / 犯罪 / 悬疑
制片国家/地区: 美国/德国/英国/澳大利亚
年份: 2009",524
229,254,拜见岳父大人2 Meet the Fockers,7.1,34614,"导演: 杰伊·罗奇
主演: 本·斯蒂勒 / 罗伯特·德尼罗 / 达斯汀·霍夫曼
类型: 喜剧 / 爱情
制片国家/地区: 美国
年份: 2004",5226
230,255,机器人总动员 WALL·E,9.3,1329320,"导演: 安德鲁·斯坦顿
主演: 本·贝尔特 / 艾丽莎·奈特 / 杰夫·格尔林
类型: 科幻 / 动画 / 冒险
制片国家/地区: 美国
年份: 2008",5213
231,256,功夫熊猫3 Kung Fu Panda 3,7.8,363873,"导演: 吕寅荣 / 亚历山德罗·卡罗尼
主演: 杰克·布莱克 / 布莱恩·科兰斯顿 / 达斯汀·霍夫曼
类型: 喜剧 / 动作 / 动画 / 冒险
制片国家/地区: 美国/中国大陆
年份: 2016",521.2
232,257,终结者2：审判日 Terminator 2: Judgment Day,8.8,344779,"导演: 詹姆斯·卡梅隆
主演: 阿诺·施瓦辛格 / 琳达·汉密尔顿 / 爱德华·福隆
类型: 动作 / 科幻
制片国家/地区: 美国/法国
年份: 1991",520.9
233,258,蚁人 Ant-Man,7.7,440666,"导演: 佩顿·里德
主演: 保罗·路德 / 迈克尔·道格拉斯 / 伊万杰琳·莉莉
类型: 动作 / 科幻 / 冒险
制片国家/地区: 美国
年份: 2015",519.3
234,259,毒液2 Venom: Let There Be Carnage,5,173263,"导演: 安迪·瑟金斯
主演: 汤姆·哈迪 / 伍迪·哈里森 / 米歇尔·威廉姆斯
类型: 动作 / 科幻 / 惊悚
制片国家/地区: 美国/中国大陆
年份: 2021",5068
235,260,人鬼情未了 Ghost,8.3,211798,"导演: 杰瑞·扎克
主演: 帕特里克·斯威兹 / 黛米·摩尔 / 托尼·戈德温
类型: 剧情 / 爱情 / 奇幻
制片国家/地区: 美国
年份: 1990",505.7
236,261,阿拉丁 Aladdin,8.3,78748,"导演: 罗恩·克莱蒙兹 / 约翰·马斯克
主演: 斯科特·维内尔 / 罗宾·威廉姆斯 / 琳达·拉金
类型: 喜剧 / 动画 / 冒险
制片国家/地区: 美国
年份: 1992",504.1
237,262,角斗士 Gladiator,8.6,220970,"导演: 雷德利·斯科特
主演: 罗素·克劳 / 华金·菲尼克斯 / 康妮·尼尔森
类型: 剧情 / 动作 / 冒险
制片国家/地区: 美国/英国/马耳他/摩洛哥
年份: 2000",5031
238,263,里约大冒险2 Rio 2,7.7,133171,"导演: 卡洛斯·沙尔丹哈
主演: 安妮·海瑟薇 / 杰西·艾森伯格 / 布鲁诺·马尔斯
类型: 喜剧 / 动画 / 冒险
制片国家/地区: 美国
年份: 2014",4987
239,264,特洛伊 Troy,7.6,144595,"导演: 沃尔夫冈·彼德森
主演: 布拉德·皮特 / 黛安·克鲁格 / 奥兰多·布鲁姆
类型: 动作 / 爱情
制片国家/地区: 美国/马耳他/英国
年份: 2004",497.4
240,265,玩具总动员2 Toy Story 2,8.5,249058,"导演: 约翰·拉塞特 / 艾什·布兰农 / 李·昂克里奇
主演: 汤姆·汉克斯 / 蒂姆·艾伦 / 琼·库萨克
类型: 喜剧 / 动画 / 奇幻 / 冒险
制片国家/地区: 美国
年份: 1999",497.4
241,266,驯龙高手 How to Train Your Dragon,8.8,762783,"导演: 迪恩·德布洛斯 / 克里斯·桑德斯
主演: 杰伊·巴鲁切尔 / 杰拉德·巴特勒 / 克雷格·费格森
类型: 动画 / 奇幻 / 冒险
制片国家/地区: 美国
年份: 2010",494.9
242,267,龙卷风 Twister,7.3,30683,"导演: 扬·德·邦特
主演: 海伦·亨特 / 比尔·帕克斯顿 / 加利·艾尔维斯
类型: 动作 / 冒险 / 灾难
制片国家/地区: 美国
年份: 1996",494.5
243,268,魔境仙踪 Oz: The Great and Powerful,6.4,50485,"导演: 山姆·雷米
主演: 詹姆斯·弗兰科 / 米歇尔·威廉姆斯 / 蕾切尔·薇兹
类型: 奇幻 / 冒险
制片国家/地区: 美国
年份: 2013",493.3
244,269,诸神之战 Clash of the Titans,6.2,114504,"导演: 路易斯·莱特里尔
主演: 萨姆·沃辛顿 / 杰玛·阿特登 / 麦斯·米科尔森
类型: 动作 / 冒险 / 奇幻
制片国家/地区: 美国
年份: 2010",493.2
245,270,沉睡魔咒2 Maleficent: Mistress of Evil,5.9,185265,"导演: 乔阿吉姆·罗恩尼
主演: 安吉丽娜·朱莉 / 艾丽·范宁 / 米歇尔·菲佛
类型: 奇幻 / 冒险
制片国家/地区: 美国/英国
年份: 2019",4917
246,271,猩球崛起3：终极之战 War for the Planet of the Apes,6.9,222155,"导演: 马特·里夫斯
主演: 安迪·瑟金斯 / 伍迪·哈里森 / 斯蒂夫·扎恩
类型: 剧情 / 动作 / 科幻
制片国家/地区: 美国
年份: 2017",490.7
247,272,怪物史瑞克 Shrek,7.9,193291,"导演: 安德鲁·亚当森 / 维基·詹森
主演: 麦克·梅尔斯 / 艾迪·墨菲 / 卡梅隆·迪亚兹
类型: 动画 / 冒险 / 喜剧 / 家庭 / 奇幻
制片国家/地区: 美国
年份: 2001",4878
248,273,史密斯夫妇 Mr. & Mrs. Smith,7.8,499307,"导演: 道格·里曼
主演: 布拉德·皮特 / 安吉丽娜·朱莉 / 文斯·沃恩
类型: 喜剧 / 动作 / 爱情
制片国家/地区: 美国
年份: 2005",4872
249,274,天使与魔鬼 Angels & Demons,7.4,113263,"导演: 朗·霍华德
主演: 汤姆·汉克斯 / 伊万·麦克格雷格 / 阿耶莱特·祖里尔
类型: 动作 / 悬疑 / 惊悚
制片国家/地区: 美国/意大利
年份: 2009",485.9
250,275,忍者神龟：变种时代 Teenage Mutant Ninja Turtles,6.6,130252,"导演: 乔纳森·里贝斯曼
主演: 梅根·福克斯 / 威尔·阿奈特 / 威廉·菲克纳
类型: 喜剧 / 动作 / 科幻 / 冒险
制片国家/地区: 美国
年份: 2014",4850
251,276,冒牌天神 Bruce Almighty,7.7,217566,"导演: 汤姆·沙迪亚克
主演: 金·凯瑞 / 摩根·弗里曼 / 詹妮弗·安妮斯顿
类型: 喜剧 / 奇幻
制片国家/地区: 美国
年份: 2003",4845
252,277,国王的演讲 The King's Speech,8.4,605366,"导演: 汤姆·霍伯
主演: 科林·费尔斯 / 杰弗里·拉什 / 海伦娜·伯翰·卡特
类型: 剧情 / 传记 / 历史
制片国家/地区: 英国/澳大利亚/美国
年份: 2010",4840
253,278,里约大冒险 Rio,8.3,313949,"导演: 卡洛斯·沙尔丹哈
主演: 杰西·艾森伯格 / 安妮·海瑟薇 / 乔治·洛佩兹
类型: 喜剧 / 动画 / 冒险
制片国家/地区: 美国
年份: 2011",4838
254,279,拯救大兵瑞恩 Saving Private Ryan,9.1,653387,"导演: 史蒂文·斯皮尔伯格
主演: 汤姆·汉克斯 / 汤姆·塞兹摩尔 / 爱德华·伯恩斯
类型: 剧情 / 战争
制片国家/地区: 美国
年份: 1998",481.8
255,280,猩球崛起 Rise of the Planet of the Apes,8.2,421998,"导演: 鲁伯特·瓦耶特
主演: 安迪·瑟金斯 / 詹姆斯·弗兰科 / 芙蕾达·平托
类型: 剧情 / 动作 / 科幻
制片国家/地区: 美国
年份: 2011",481.8
256,281,穿靴子的猫2 Puss in Boots: The Last Wish,8.1,89748,"导演: 乔尔·克劳福德 / 贾努埃尔·梅尔卡多
主演: 安东尼奥·班德拉斯 / 萨尔玛·海耶克 / 哈维·吉兰
类型: 喜剧 / 爱情 / 动画 / 悬疑 / 奇幻 / 冒险 / 歌舞
制片国家/地区: 美国
年份: 2022",4800
257,282,小鬼当家 Home Alone,8.4,399350,"导演: 克里斯·哥伦布
主演: 麦考利·卡尔金 / 乔·佩西 / 丹尼尔·斯特恩
类型: 喜剧 / 犯罪 / 家庭
制片国家/地区: 美国
年份: 1990",476.7
258,283,大白鲨 Jaws,7.8,101528,"导演: 史蒂文·斯皮尔伯格
主演: 罗伊·谢德 / 罗伯特·肖 / 理查德·德莱福斯
类型: 剧情 / 惊悚 / 冒险
制片国家/地区: 美国
年份: 1975",4765
259,284,蚁人与黄蜂女：量子狂潮 Ant-Man and the Wasp: Quantumania,5.8,144516,"导演: 佩顿·里德
主演: 保罗·路德 / 伊万杰琳·莉莉 / 迈克尔·道格拉斯
类型: 喜剧 / 动作 / 科幻 / 冒险
制片国家/地区: 美国
年份: 2023",4760
260,285,精灵旅社2 Hotel Transylvania 2,7.9,189621,"导演: 格恩迪·塔塔科夫斯基
主演: 亚当·桑德勒 / 安迪·萨姆伯格 / 赛琳娜·戈麦斯
类型: 喜剧 / 动画 / 奇幻
制片国家/地区: 美国/加拿大
年份: 2015",4751
261,286,星球大战3：绝地归来 Star Wars: Episode VI - Return of the Jedi,8.4,96425,"导演: 理查德·马昆德
主演: 马克·哈米尔 / 哈里森·福特 / 凯丽·费雪
类型: 动作 / 科幻 / 奇幻 / 冒险
制片国家/地区: 美国
年份: 1983",475.1
262,287,查理和巧克力工厂 Charlie and the Chocolate Factory,8.3,506436,"导演: 蒂姆·波顿
主演: 约翰尼·德普 / 弗莱迪·海默 / 海伦娜·伯翰·卡特
类型: 喜剧 / 奇幻 / 冒险
制片国家/地区: 美国/英国/澳大利亚
年份: 2005",475
263,288,夺宝奇兵3 Indiana Jones and the Last Crusade,8.3,73526,"导演: 史蒂文·斯皮尔伯格
主演: 哈里森·福特 / 肖恩·康纳利 / 丹霍姆·艾略特
类型: 剧情 / 动作 / 奇幻 / 冒险
制片国家/地区: 美国
年份: 1989",474.2
264,289,末日崩塌 San Andreas,7,166719,"导演: 布拉德·佩顿
主演: 道恩·强森 / 亚历山德拉·达达里奥 / 卡拉·古奇诺
类型: 动作 / 冒险 / 灾难
制片国家/地区: 美国/澳大利亚
年份: 2015",474
265,290,小丑回魂2 It: Chapter Two,6.4,73331,"导演: 安德斯·穆斯切蒂
主演: 詹姆斯·麦卡沃伊 / 杰西卡·查斯坦 / 比尔·斯卡斯加德
类型: 剧情 / 奇幻 / 恐怖
制片国家/地区: 加拿大/美国
年份: 2019",4720
266,291,爱乐之城 La La Land,8.4,908392,"导演: 达米恩·查泽雷
主演: 瑞恩·高斯林 / 艾玛·斯通 / 约翰·传奇
类型: 剧情 / 爱情 / 歌舞
制片国家/地区: 美国
年份: 2016",4719
267,292,无敌破坏王 Wreck-It Ralph,8.7,545364,"导演: 瑞奇·摩尔
主演: 约翰·C·赖利 / 萨拉·西尔弗曼 / 杰克·麦克布瑞尔
类型: 喜剧 / 动画 / 奇幻 / 冒险
制片国家/地区: 美国
年份: 2012",471.2
268,293,哥斯拉大战金刚 Godzilla vs Kong,6.3,293886,"导演: 亚当·温加德
主演: 亚历山大·斯卡斯加德 / 米莉·波比·布朗 / 丽贝卡·豪尔
类型: 动作 / 科幻 / 冒险
制片国家/地区: 美国/澳大利亚/加拿大/印度
年份: 2021",4701
269,294,疯狂元素城 Elemental,7.1,80067,"导演: 彼得·孙
主演: 莉娅·刘易斯 / 马莫多·阿西 / 罗纳尔多·德尔·卡门
类型: 剧情 / 喜剧 / 科幻 / 动画 / 奇幻 / 冒险
制片国家/地区: 美国
年份: 2023",4695
270,295,宿醉 The Hangover,7.7,236567,"导演: 托德·菲利普斯
主演: 布莱德利·库珀 / 艾德·赫尔姆斯 / 扎克·加利凡纳基斯
类型: 喜剧
制片国家/地区: 美国
年份: 2009",4693
271,296,超体 Lucy,7.4,572036,"导演: 吕克·贝松
主演: 斯嘉丽·约翰逊 / 摩根·弗里曼 / 崔岷植
类型: 动作 / 科幻
制片国家/地区: 法国/德国/中国台湾/加拿大/美国/英国
年份: 2014",4690
272,297,乐高大电影 The Lego Movie,7.9,61990,"导演: 菲尔·罗德 / 克里斯托弗·米勒
主演: 克里斯·帕拉特 / 威尔·法瑞尔 / 伊丽莎白·班克斯
类型: 喜剧 / 动画 / 冒险
制片国家/地区: 美国/澳大利亚/丹麦
年份: 2014",4682
273,298,大黄蜂 Bumblebee,7,381307,"导演: 特拉维斯·奈特
主演: 海莉·斯坦菲尔德 / 小豪尔赫·兰登伯格 / 约翰·塞纳
类型: 动作 / 科幻 / 冒险
制片国家/地区: 美国/中国大陆
年份: 2018",4679
274,299,星际迷航2：暗黑无界 Star Trek Into Darkness,8,215665,"导演: J·J·艾布拉姆斯
主演: 克里斯·派恩 / 扎克瑞·昆图 / 佐伊·索尔达娜
类型: 动作 / 科幻 / 冒险
制片国家/地区: 美国
年份: 2013",467.4
275,300,黑客帝国 The Matrix,9.1,845966,"导演: 莉莉·沃卓斯基 / 拉娜·沃卓斯基
主演: 基努·里维斯 / 劳伦斯·菲什伯恩 / 凯瑞-安·莫斯
类型: 动作 / 科幻
制片国家/地区: 美国
年份: 1999",4663
276,301,漂亮女人 Pretty Woman,7.9,136968,"导演: 盖瑞·马歇尔
主演: 理查·基尔 / 朱莉娅·罗伯茨 / 拉尔夫·贝拉米
类型: 喜剧 / 爱情
制片国家/地区: 美国
年份: 1990",463.4
277,302,赛车总动员 Cars,8.1,194247,"导演: 约翰·拉塞特 / 乔·兰福特
主演: 欧文·威尔逊 / 保罗·纽曼 / 邦尼·亨特
类型: 喜剧 / 动画 / 冒险
制片国家/地区: 美国
年份: 2006",4619
278,303,八佰,7.5,819159,"导演: 管虎
主演: 王千源 / 张译 / 姜武
类型: 剧情 / 历史 / 战争
制片国家/地区: 中国大陆
年份: 2020",4613
279,304,X战警3：背水一战 X-Men: The Last Stand,7.7,230601,"导演: 布莱特·拉特纳
主演: 休·杰克曼 / 哈莉·贝瑞 / 伊恩·麦克莱恩
类型: 动作 / 科幻 / 惊悚
制片国家/地区: 美国/加拿大/英国
年份: 2006",4604
280,305,独行月球,6.6,689334,"导演: 张吃鱼
主演: 沈腾 / 马丽 / 常远
类型: 喜剧 / 科幻
制片国家/地区: 中国大陆
年份: 2022",4602
281,306,国家宝藏：夺宝秘笈 National Treasure: Book of Secrets,7.3,105179,"导演: 乔·德特杜巴
主演: 尼古拉斯·凯奇 / 贾斯汀·巴萨 / 黛安·克鲁格
类型: 动作 / 悬疑 / 冒险
制片国家/地区: 美国
年份: 2007",4592
282,307,碟中谍 Mission: Impossible,8.2,272403,"导演: 布莱恩·德·帕尔玛
主演: 汤姆·克鲁斯 / 强·沃特 / 艾曼纽·贝阿
类型: 动作 / 冒险 / 惊悚
制片国家/地区: 美国
年份: 1996",457.7
283,308,斯巴达300勇士 300,7.9,175178,"导演: 扎克·施奈德
主演: 杰拉德·巴特勒 / 琳娜·海蒂 / 多米尼克·韦斯特
类型: 动作 / 历史 / 战争
制片国家/地区: 美国
年份: 2006",4560
284,309,最后的武士 The Last Samurai,7.9,78192,"导演: 爱德华·兹威克
主演: 汤姆·克鲁斯 / 渡边谦 / 威廉·阿瑟东
类型: 剧情 / 动作 / 战争 / 冒险
制片国家/地区: 美国/新西兰/日本
年份: 2003",4546
285,310,鬼灭之刃 剧场版 无限列车篇 劇場版 鬼滅の刃 無限列車編,7.9,104443,"导演: 外崎春雄
主演: 花江夏树 / 鬼头明里 / 下野纮
类型: 动画
制片国家/地区: 日本
年份: 2020",4532
286,311,我不是药神,9,2126725,"导演: 文牧野
主演: 徐峥 / 王传君 / 周一围
类型: 剧情 / 喜剧
制片国家/地区: 中国大陆
年份: 2018",4511
287,312,十一罗汉 Ocean's Eleven,7.9,187059,"导演: 史蒂文·索德伯格
主演: 乔治·克鲁尼 / 布拉德·皮特 / 马特·达蒙
类型: 犯罪 / 惊悚
制片国家/地区: 美国
年份: 2001",450.7
288,313,我和我的祖国,7.6,1012401,"导演: 陈凯歌 / 张一白 / 管虎 / 薛晓路 / 徐峥 / 宁浩 / 文牧野
主演: 黄渤 / 张译 / 韩昊霖
类型: 剧情
制片国家/地区: 中国大陆
年份: 2019",4500
289,314,大侦探皮卡丘 Pokémon Detective Pikachu,6.4,379129,"导演: 罗伯·莱特曼
主演: 瑞安·雷诺兹 / 贾斯蒂斯·史密斯 / 凯瑟琳·纽顿
类型: 喜剧 / 动画 / 奇幻 / 冒险
制片国家/地区: 美国/日本/英国/加拿大
年份: 2019",4497
290,315,雷神 Thor,7.1,341587,"导演: 肯尼思·布拉纳
主演: 克里斯·海姆斯沃斯 / 娜塔莉·波特曼 / 汤姆·希德勒斯顿
类型: 动作 / 奇幻 / 冒险
制片国家/地区: 美国
年份: 2011",449.3
291,316,珍珠港 Pearl Harbor,8,266814,"导演: 迈克尔·贝
主演: 本·阿弗莱克 / 乔什·哈奈特 / 凯特·贝金赛尔
类型: 剧情 / 历史 / 爱情 / 战争
制片国家/地区: 美国
年份: 2001",449.2
292,317,泰山 Tarzan,7.7,103458,"导演: 克里斯·巴克 / 凯文·利玛
主演: 布耐恩·布莱塞得 / 格伦·克洛斯 / 明妮·德里弗
类型: 动画 / 冒险 / 剧情 / 家庭
制片国家/地区: 美国
年份: 1999",448.2
293,318,黑衣人2 Men in Black II,7.7,221037,"导演: 巴里·索南菲尔德
主演: 威尔·史密斯 / 汤米·李·琼斯 / 约翰尼·诺克斯维尔
类型: 动作 / 喜剧 / 科幻
制片国家/地区: 美国
年份: 2002",4451
294,319,谍影重重3 The Bourne Ultimatum,8.8,422393,"导演: 保罗·格林格拉斯
主演: 马特·达蒙 / 朱丽娅·斯蒂尔斯 / 大卫·斯特雷泽恩
类型: 动作 / 悬疑 / 惊悚
制片国家/地区: 美国/德国/法国/英国
年份: 2007",4441
295,320,木乃伊归来 The Mummy Returns,7.6,141874,"导演: 斯蒂芬·索莫斯
主演: 布兰登·费舍 / 蕾切尔·薇兹 / 约翰·汉纳
类型: 动作 / 冒险 / 奇幻
制片国家/地区: 美国
年份: 2001",4432
296,321,鼠来宝2：明星俱乐部 Alvin and the Chipmunks: The Squeakquel,7.2,33905,"导演: 贝蒂·托马斯
主演: 扎克瑞·莱维 / 大卫·克罗斯 / 杰森·李
类型: 动画 / 喜剧 / 家庭 / 奇幻 / 音乐
制片国家/地区: 美国
年份: 2009",443.1
297,322,悲惨世界 Les Misérables,8.7,339391,"导演: 汤姆·霍伯
主演: 休·杰克曼 / 罗素·克劳 / 安妮·海瑟薇
类型: 剧情 / 爱情 / 歌舞
制片国家/地区: 英国/美国
年份: 2012",4422
298,323,驱魔人 The Exorcist,7.7,78727,"导演: 威廉·弗莱德金
主演: 艾伦·伯斯汀 / 马克斯·冯·叙多夫 / 李·科布
类型: 恐怖
制片国家/地区: 美国
年份: 1973",441.3
299,324,窈窕奶爸 Mrs. Doubtfire,7.8,16192,"导演: 克里斯·哥伦布
主演: 罗宾·威廉姆斯 / 莎莉·菲尔德 / 皮尔斯·布鲁斯南
类型: 喜剧 / 剧情 / 家庭
制片国家/地区: 美国
年份: 1993",441.2
300,325,终结者：创世纪 Terminator Genisys,6.9,151176,"导演: 阿兰·泰勒
主演: 阿诺·施瓦辛格 / 杰森·克拉克 / 艾米莉亚·克拉克
类型: 动作 / 科幻 / 冒险
制片国家/地区: 美国
年份: 2015",440.6
301,326,魔兽 Warcraft,7.7,314646,"导演: 邓肯·琼斯
主演: 崔维斯·费米尔 / 托比·凯贝尔 / 宝拉·巴顿
类型: 动作 / 奇幻 / 冒险
制片国家/地区: 美国/中国大陆/加拿大/日本
年份: 2016",439
302,327,变形金刚：超能勇士崛起 Transformers: Rise of the Beasts,5.8,152320,"导演: 小斯蒂芬·卡普尔
主演: 安东尼·拉莫斯 / 多米尼克·菲什巴克 / 彼特·库伦
类型: 动作 / 科幻 / 冒险
制片国家/地区: 美国
年份: 2023",4389
303,328,一个明星的诞生 A Star Is Born,7.4,123906,"导演: 布莱德利·库珀
主演:  / 布莱德利·库珀 / 山姆·艾里奥特
类型: 剧情 / 爱情 / 音乐
制片国家/地区: 美国
年份: 2018",4361
304,329,马戏之王 The Greatest Showman,7.7,198336,"导演: 迈克尔·格雷西
主演: 休·杰克曼 / 米歇尔·威廉姆斯 / 扎克·埃夫隆
类型: 剧情 / 传记 / 歌舞
制片国家/地区: 美国
年份: 2017",4357
305,330,终结者3 Terminator 3: Rise of the Machines,7.4,125743,"导演: 乔纳森·莫斯托
主演: 阿诺·施瓦辛格 / 尼克·斯塔尔 / 克莱尔·丹尼斯
类型: 动作 / 科幻 / 惊悚
制片国家/地区: 美国/德国/英国
年份: 2003",433.4
306,331,尚气与十环传奇 Shang-Chi and the Legend of the Ten Rings,6,220606,"导演: 德斯汀·克里顿
主演: 刘思慕 / 梁朝伟 / 奥卡菲娜
类型: 动作 / 科幻 / 奇幻 / 冒险
制片国家/地区: 美国/澳大利亚
年份: 2021",4322
307,332,007之择日而亡 Die Another Day,7.3,46477,"导演: 李·塔玛霍瑞
主演: 皮尔斯·布鲁斯南 / 哈莉·贝瑞 / 托比·斯蒂芬斯
类型: 动作 / 惊悚 / 冒险
制片国家/地区: 英国/美国
年份: 2002",432
308,333,爱宠大机密2 The Secret Life of Pets 2,6.8,132119,"导演: 克里斯·雷纳德
主演: 帕顿·奥斯瓦尔特 / 凯文·哈特 / 哈里森·福特
类型: 喜剧 / 动画 / 冒险
制片国家/地区: 美国
年份: 2019",4300
309,334,荒岛余生 Cast Away,8.6,279467,"导演: 罗伯特·泽米吉斯
主演: 汤姆·汉克斯 / 海伦·亨特 / 克里斯·诺斯
类型: 冒险 / 剧情
制片国家/地区: 美国
年份: 2000",429.6
310,335,狂暴巨兽 Rampage,6.3,163949,"导演: 布拉德·佩顿
主演: 道恩·强森 / 娜奥米·哈里斯 / 杰弗里·迪恩·摩根
类型: 动作 / 科幻 / 冒险
制片国家/地区: 美国
年份: 2018",428
311,336,黑客帝国3：矩阵革命 The Matrix Revolutions,8.8,450924,"导演: 拉娜·沃卓斯基 / 莉莉·沃卓斯基
主演: 基努·里维斯 / 劳伦斯·菲什伯恩 / 凯瑞-安·莫斯
类型: 动作 / 科幻
制片国家/地区: 美国
年份: 2003",4273
312,337,触不可及 Intouchables,9.3,1129192,"导演: 奥利维埃·纳卡什 / 埃里克·托莱达诺
主演: 弗朗索瓦·克鲁塞 / 奥玛·希 / 安娜·勒尼
类型: 剧情 / 喜剧
制片国家/地区: 法国
年份: 2011",426.6
313,338,疾速追杀4 John Wick: Chapter 4,7.3,125600,"导演: 查德·斯塔赫斯基
主演: 基努·里维斯 / 甄子丹 / 比尔·斯卡斯加德
类型: 动作 / 犯罪 / 惊悚
制片国家/地区: 美国
年份: 2023",4265
314,339,绝地战警：疾速追击 Bad Boys for Life,5.6,36485,"导演: 阿迪尔·埃尔·阿比 / 比拉勒·法拉赫
主演: 威尔·史密斯 / 马丁·劳伦斯 / 凡妮莎·哈金斯
类型: 喜剧 / 动作 / 犯罪
制片国家/地区: 美国/墨西哥
年份: 2020",4265
315,340,被解救的姜戈 Django Unchained,8.8,614981,"导演: 昆汀·塔伦蒂诺
主演: 杰米·福克斯 / 莱昂纳多·迪卡普里奥 / 克里斯托弗·瓦尔兹
类型: 剧情 / 动作 / 西部 / 冒险
制片国家/地区: 美国
年份: 2012",4260
316,341,美女与野兽 Beauty and the Beast,8.5,187053,"导演: 加里·特洛斯达勒 / 柯克·维斯
主演: 佩吉·奥哈拉 / 罗比·本森 / 理查德·怀特
类型: 喜剧 / 爱情 / 动画 / 歌舞 / 奇幻
制片国家/地区: 美国
年份: 1991",4249
317,342,与狼共舞 Dances with Wolves,8.9,82255,"导演: 凯文·科斯特纳
主演: 凯文·科斯特纳 / 玛丽·麦克唐纳 / 格雷厄姆·格林
类型: 剧情 / 西部 / 冒险
制片国家/地区: 美国/英国
年份: 1990",424.2
318,343,我和我的家乡,7,658090,"导演: 宁浩 / 徐峥 / 陈思诚 / 闫非 / 彭大魔 / 邓超 / 俞白眉
主演: 葛优 / 黄渤 / 范伟
类型: 剧情 / 喜剧
制片国家/地区: 中国大陆
年份: 2020",4223
319,344,纳尼亚传奇2：凯斯宾王子 The Chronicles of Narnia: Prince Caspian,7.1,93278,"导演: 安德鲁·亚当森
主演: 乔芝·韩莉 / 斯堪德·凯恩斯 / 安娜·帕波维尔
类型: 动作 / 奇幻 / 冒险
制片国家/地区: 美国/波兰/斯洛文尼亚/捷克
年份: 2008",419.7
320,345,欲望都市 Sex and the City,7.7,103718,"导演: 迈克尔·帕特里克·金
主演: 莎拉·杰茜卡·帕克 / 金·凯特罗尔 / 克里斯汀·戴维斯
类型: 喜剧 / 剧情 / 爱情
制片国家/地区: 美国
年份: 2008",4187
321,346,中国机长,6.6,735391,"导演: 刘伟强
主演: 张涵予 / 欧豪 / 杜江
类型: 剧情 / 传记 / 灾难
制片国家/地区: 中国大陆
年份: 2019",4172
322,347,木乃伊 The Mummy,7.9,193603,"导演: 斯蒂芬·索莫斯
主演: 布兰登·费舍 / 蕾切尔·薇兹 / 约翰·汉纳
类型: 剧情 / 动作 / 奇幻 / 冒险
制片国家/地区: 美国/英国/摩洛哥
年份: 1999",415.9
323,348,纳尼亚传奇3：黎明踏浪号 The Chronicles of Narnia: The Voyage of the Dawn Treader,6.9,75268,"导演: 迈克尔·艾普特
主演: 本·巴恩斯 / 斯堪德·凯恩斯 / 乔芝·韩莉
类型: 剧情 / 奇幻 / 冒险
制片国家/地区: 美国
年份: 2010",415.7
324,349,谍影重重5 Jason Bourne,7.5,197483,"导演: 保罗·格林格拉斯
主演: 马特·达蒙 / 汤米·李·琼斯 / 艾丽西亚·维坎德
类型: 动作 / 悬疑 / 惊悚
制片国家/地区: 美国/中国大陆/西班牙
年份: 2016",415.5
325,350,金刚狼2 The Wolverine,6.7,203716,"导演: 詹姆斯·曼高德
主演: 休·杰克曼 / 冈本多绪 / 福岛莉拉
类型: 动作 / 科幻
制片国家/地区: 美国/英国
年份: 2013",414.8
326,351,王牌特工：特工学院 Kingsman: The Secret Service,8.4,670078,"导演: 马修·沃恩
主演: 塔伦·埃哲顿 / 科林·费尔斯 / 塞缪尔·杰克逊
类型: 喜剧 / 动作 / 冒险
制片国家/地区: 英国/美国
年份: 2014",414.4
327,352,博物馆奇妙夜2 Night at the Museum: Battle of the Smithsonian,7.2,176570,"导演: 肖恩·利维
主演: 本·斯蒂勒 / 艾米·亚当斯 / 欧文·威尔逊
类型: 喜剧 / 动作 / 奇幻 / 冒险
制片国家/地区: 美国/加拿大
年份: 2009",413.1
328,353,蝙蝠侠 Batman,7.5,60490,"导演: 蒂姆·波顿
主演: 迈克尔·基顿 / 杰克·尼科尔森 / 金·贝辛格
类型: 动作 / 冒险
制片国家/地区: 美国/英国
年份: 1989",411.3
329,354,保镖 The Bodyguard,7.9,80571,"导演: 米克·杰克逊
主演: 凯文·科斯特纳 / 惠特尼·休斯顿 / 加里·凯普
类型: 剧情 / 动作 / 爱情 / 惊悚 / 音乐
制片国家/地区: 美国
年份: 1992",411
330,355,环太平洋 Pacific Rim,7.7,472870,"导演: 吉尔莫·德尔·托罗
主演: 查理·汉纳姆 / 菊地凛子 / 伊德里斯·艾尔巴
类型: 动作 / 科幻 / 冒险
制片国家/地区: 美国
年份: 2013",411
331,356,王牌特工2：黄金圈 Kingsman: The Golden Circle,6.8,341580,"导演: 马修·沃恩
主演: 塔伦·埃哲顿 / 科林·费尔斯 / 马克·斯特朗
类型: 喜剧 / 动作 / 冒险
制片国家/地区: 英国/美国
年份: 2017",410.9
332,357,新木乃伊 The Mummy,4.8,130218,"导演: 艾里克斯·库兹曼
主演: 汤姆·克鲁斯 / 罗素·克劳 / 安娜贝拉·沃丽丝
类型: 动作 / 奇幻 / 冒险
制片国家/地区: 美国/中国大陆/日本
年份: 2017",409.2
333,358,冰川时代5：星际碰撞 Ice Age: Collision Course,7.2,91635,"导演: 麦克·特米尔 / 加仑·T·楚
主演: 西蒙·佩吉 / 洁茜J / 杰西·泰勒·弗格森
类型: 喜剧 / 动画 / 冒险
制片国家/地区: 美国
年份: 2016",408.6
334,359,暮光之城 Twilight,7.6,489687,"导演: 凯瑟琳·哈德威克
主演: 克里斯汀·斯图尔特 / 罗伯特·帕丁森 / 比利·伯克
类型: 剧情 / 爱情 / 惊悚 / 奇幻
制片国家/地区: 美国
年份: 2008",4084
335,360,天兆 Signs,6.5,18996,"导演: M·奈特·沙马兰
主演: 梅尔·吉布森 / 华金·菲尼克斯 / 罗瑞·卡尔金
类型: 剧情 / 悬疑 / 科幻 / 惊悚
制片国家/地区: 美国
年份: 2002",408.2
336,361,欢乐好声音2 Sing 2,7,39724,"导演: 加斯·詹宁斯
主演: 马修·麦康纳 / 瑞茜·威瑟斯彭 / 塔伦·埃哲顿
类型: 喜剧 / 动画 / 冒险 / 歌舞
制片国家/地区: 美国
年份: 2021",4077
337,362,X战警2 X2,7.7,232715,"导演: 布莱恩·辛格
主演: 帕特里克·斯图尔特 / 休·杰克曼 / 伊恩·麦克莱恩
类型: 动作 / 科幻 / 惊悚
制片国家/地区: 美国/加拿大
年份: 2003",407.7
338,363,神奇动物：邓布利多之谜 Fantastic Beasts: The Secrets of Dumbledore,5.8,216673,"导演: 大卫·叶茨
主演: 埃迪·雷德梅恩 / 裘德·洛 / 麦斯·米科尔森
类型: 奇幻 / 冒险
制片国家/地区: 英国/美国
年份: 2022",4071
339,364,神秘海域 Uncharted,6,113705,"导演: 鲁本·弗雷斯彻
主演: 汤姆·赫兰德 / 马克·沃尔伯格 / 索菲娅·阿里
类型: 动作 / 冒险
制片国家/地区: 美国
年份: 2022",4071
340,365,华尔街之狼 The Wolf of Wall Street,8.1,437412,"导演: 马丁·斯科塞斯
主演: 莱昂纳多·迪卡普里奥 / 乔纳·希尔 / 玛格特·罗比
类型: 剧情 / 传记 / 犯罪
制片国家/地区: 美国
年份: 2013",4068
341,366,刺猬索尼克2 Sonic the Hedgehog 2,5.7,12311,"导演: 杰夫·福勒
主演: 詹姆斯·麦斯登 / 金·凯瑞 / 本·施瓦茨
类型: 喜剧 / 动作 / 科幻 / 动画 / 冒险
制片国家/地区: 美国/日本
年份: 2022",4054
342,367,阿丽塔：战斗天使 Alita: Battle Angel,7.5,601186,"导演: 罗伯特·罗德里格兹
主演: 罗莎·萨拉查 / 克里斯托弗·瓦尔兹 / 基恩·约翰逊
类型: 动作 / 科幻 / 冒险
制片国家/地区: 美国/日本/加拿大
年份: 2019",404.9
343,368,木乃伊3 The Mummy: Tomb of the Dragon Emperor,5.7,114447,"导演: 罗伯·科恩
主演: 布兰登·费舍 / 李连杰 / 玛丽亚·贝罗
类型: 动作 / 冒险 / 奇幻 / 惊悚
制片国家/地区: 美国/德国
年份: 2008",4034
344,369,普罗米修斯 Prometheus,7.6,356978,"导演: 雷德利·斯科特
主演: 劳米·拉佩斯 / 迈克尔·法斯宾德 / 查理兹·塞隆
类型: 科幻 / 惊悚 / 冒险
制片国家/地区: 美国/英国
年份: 2012",403.4
345,370,乱世佳人 Gone with the Wind,9.3,698945,"导演: 维克多·弗莱明 / 乔治·库克 / 山姆·伍德
主演: 费雯·丽 / 克拉克·盖博 / 奥利维娅·德哈维兰
类型: 剧情 / 历史 / 爱情 / 战争
制片国家/地区: 美国
年份: 1939",402.4
346,371,妈妈咪呀2 Mamma Mia! Here We Go Again,6.9,27420,"导演: 欧·帕克
主演: 莉莉·詹姆斯 / 阿曼达·塞弗里德 / 朱丽·沃特斯
类型: 喜剧 / 爱情 / 歌舞
制片国家/地区: 英国/美国
年份: 2018",4022
347,372,永恒族 Eternals,5.8,134842,"导演: 赵婷
主演: 嘉玛·陈 / 理查德·麦登 / 安吉丽娜·朱莉
类型: 动作 / 科幻 / 奇幻 / 冒险
制片国家/地区: 美国
年份: 2021",4020
348,373,沙丘 Dune,7.7,603245,"导演: 丹尼斯·维伦纽瓦
主演: 提莫西·查拉梅 / 丽贝卡·弗格森 / 奥斯卡·伊萨克
类型: 剧情 / 科幻 / 冒险
制片国家/地区: 美国
年份: 2021",4018
349,374,创：战纪 TRON: Legacy,6.7,107329,"导演: 约瑟夫·科辛斯基
主演: 加内特·赫德兰 / 奥利维亚·王尔德 / 杰夫·布里吉斯
类型: 动作 / 科幻 / 冒险
制片国家/地区: 美国
年份: 2010",400.1
350,375,碟中谍3 Mission: Impossible III,7.6,199680,"导演: J·J·艾布拉姆斯
主演: 汤姆·克鲁斯 / 菲利普·塞默·霍夫曼 / 文·瑞姆斯
类型: 动作 / 冒险 / 惊悚
制片国家/地区: 美国/德国/中国大陆/意大利
年份: 2006",3984
351,376,白雪公主与猎人 Snow White and the Huntsman,5.6,72468,"导演: 鲁伯特·桑德斯
主演: 克里斯·海姆斯沃斯 / 克里斯汀·斯图尔特 / 查理兹·塞隆
类型: 动作 / 奇幻 / 冒险
制片国家/地区: 美国/英国
年份: 2012",3965
352,377,油脂 Grease,7.4,6924,"导演: 兰德尔·克莱泽
主演: 约翰·特拉沃尔塔 / 奥莉维亚·纽顿-约翰 / 斯托卡特·詹宁
类型: 歌舞 / 爱情
制片国家/地区: 美国
年份: 1978",3962
353,378,玩具总动员 Toy Story,8.6,372843,"导演: 约翰·拉塞特
主演: 汤姆·汉克斯 / 蒂姆·艾伦 / 唐·里克斯
类型: 喜剧 / 动画 / 家庭
制片国家/地区: 美国
年份: 1995",3944
354,379,黑亚当 Black Adam,5.6,76950,"导演: 佐米·希尔拉
主演: 道恩·强森 / 阿尔迪斯·霍吉 / 皮尔斯·布鲁斯南
类型: 动作 / 科幻 / 奇幻 / 冒险
制片国家/地区: 美国/加拿大/新西兰/匈牙利
年份: 2022",3932
355,380,游侠索罗：星球大战外传 Solo: A Star Wars Story,6.8,62512,"导演: 朗·霍华德
主演: 阿尔登·埃伦瑞奇 / 艾米莉亚·克拉克 / 伍迪·哈里森
类型: 动作 / 科幻 / 冒险
制片国家/地区: 美国
年份: 2018",392.9
356,381,超人归来 Superman Returns,6.7,80807,"导演: 布莱恩·辛格
主演: 布兰登·罗斯 / 凯特·波茨沃斯 / 凯文·史派西
类型: 动作 / 科幻 / 冒险
制片国家/地区: 美国/澳大利亚
年份: 2006",391.1
357,382,侠盗王子罗宾汉 Robin Hood: Prince of Thieves,7.2,5629,"导演: 凯文·雷诺兹
主演: 凯文·科斯特纳 / 摩根·弗里曼 / 玛丽·伊丽莎白·马斯特兰托尼奥
类型: 剧情 / 动作 / 冒险
制片国家/地区: 美国/英国
年份: 1991",390.5
358,383,夺宝奇兵 Raiders of the Lost Ark,7.9,100100,"导演: 史蒂文·斯皮尔伯格
主演: 哈里森·福特 / 凯伦·阿兰 / 保罗·弗里曼
类型: 动作 / 冒险
制片国家/地区: 美国
年份: 1981",389.9
359,384,独立日2：卷土重来 Independence Day: Resurgence,5.7,119829,"导演: 罗兰·艾默里奇
主演: 利亚姆·海姆斯沃斯 / 杰夫·高布伦 / 麦卡·梦露
类型: 动作 / 科幻 / 冒险
制片国家/地区: 美国
年份: 2016",389.7
360,385,虎胆龙威4 Live Free or Die Hard,7.7,77252,"导演: 伦·怀斯曼
主演: 布鲁斯·威利斯 / 蒂莫西·奥利芬特 / 贾斯汀·朗
类型: 动作 / 犯罪 / 惊悚
制片国家/地区: 美国/英国
年份: 2007",3881
361,386,捉妖记,6.7,536790,"导演: 许诚毅
主演: 白百何 / 井柏然 / 姜武
类型: 喜剧 / 奇幻 / 古装
制片国家/地区: 中国大陆/中国香港
年份: 2015",3870
362,387,哥斯拉2：怪兽之王 Godzilla: King of the Monsters,6.2,272624,"导演: 迈克尔·道赫蒂
主演: 凯尔·钱德勒 / 维拉·法米加 / 米莉·波比·布朗
类型: 动作 / 科幻 / 冒险 / 灾难
制片国家/地区: 美国/日本/中国大陆/加拿大
年份: 2019",3866
363,388,疯狂外星人 Home,7.4,78672,"导演: 提姆·约翰森
主演: 吉姆·帕森斯 / 蕾哈娜 / 史蒂夫·马丁
类型: 喜剧 / 科幻 / 动画 / 冒险
制片国家/地区: 美国
年份: 2015",386
364,389,星际迷航 Star Trek,8.1,170764,"导演: J·J·艾布拉姆斯
主演: 克里斯·派恩 / 扎克瑞·昆图 / 伦纳德·尼莫伊
类型: 动作 / 冒险 / 科幻
制片国家/地区: 美国/德国
年份: 2009",385.7
365,390,1917,8.5,510802,"导演: 萨姆·门德斯
主演: 乔治·麦凯 / 迪恩-查尔斯·查普曼 / 科林·费尔斯
类型: 剧情 / 战争
制片国家/地区: 美国/英国/印度/西班牙/加拿大/中国大陆
年份: 2019",3849
366,391,快乐的大脚 Happy Feet,7.5,84036,"导演: 乔治·米勒 / 沃伦·科尔曼 / 朱迪·莫里斯
主演: 伊利亚·伍德 / 布莱特妮·墨菲 / 休·杰克曼
类型: 动画 / 冒险 / 喜剧 / 家庭 / 音乐 / 爱情
制片国家/地区: 澳大利亚/美国
年份: 2006",384.3
367,392,蜘蛛侠：平行宇宙 Spider-Man: Into the Spider-Verse,8.6,672673,"导演: 鲍勃·佩尔西凯蒂 / 彼得·拉姆齐 / 罗德尼·罗斯曼
主演: 沙梅克·摩尔 / 杰克·约翰逊 / 海莉·斯坦菲尔德
类型: 动作 / 科幻 / 动画 / 冒险
制片国家/地区: 美国
年份: 2018",3842
368,393,赛车总动员3：极速挑战 Cars 3,7,56135,"导演: 布莱恩·菲
主演: 欧文·威尔逊 / 克里斯黛拉·阿朗索 / 克里斯·库珀
类型: 喜剧 / 动画 / 冒险
制片国家/地区: 美国
年份: 2017",383.9
369,394,回到未来 Back to the Future,8.8,212439,"导演: 罗伯特·泽米吉斯
主演: 迈克尔·J·福克斯 / 克里斯托弗·洛伊德 / 莉·汤普森
类型: 喜剧 / 科幻 / 冒险
制片国家/地区: 美国
年份: 1985",3833
370,395,冰川时代 Ice Age,8.6,620856,"导演: 卡洛斯·沙尔丹哈 / 克里斯·韦奇
主演: 雷·罗马诺 / 约翰·雷吉扎莫 / 丹尼斯·利瑞
类型: 喜剧 / 动画 / 冒险
制片国家/地区: 美国
年份: 2002",383.2
371,396,你的名字。 君の名は。,8.5,1421817,"导演: 新海诚
主演: 神木隆之介 / 上白石萌音 / 长泽雅美
类型: 剧情 / 爱情 / 动画
制片国家/地区: 日本
年份: 2016",3822
372,397,五十度黑 Fifty Shades Darker,5.7,77467,"导演: 詹姆斯·弗雷
主演: 达科塔·约翰逊 / 詹米·多南 / 埃里克·约翰逊
类型: 剧情 / 爱情 / 情色
制片国家/地区: 美国
年份: 2017",381.5
373,398,大战外星人 Monsters vs. Aliens,6.9,30860,"导演: 罗伯·莱特曼 / 康拉德·弗农
主演: 瑞茜·威瑟斯彭 / 塞斯·罗根 / 休·劳瑞
类型: 动画 / 动作 / 冒险 / 喜剧 / 家庭 / 科幻
制片国家/地区: 美国
年份: 2009",381.5
374,399,夺宝奇兵5：命运转盘 Indiana Jones and the Dial of Destiny,7,41290,"导演: 詹姆斯·曼高德
主演: 哈里森·福特 / 菲比·沃勒-布里奇 / 安东尼奥·班德拉斯
类型: 动作 / 冒险
制片国家/地区: 美国
年份: 2023",3810
375,400,疯狂的麦克斯4：狂暴之路 Mad Max: Fury Road,8.7,535547,"导演: 乔治·米勒
主演: 汤姆·哈迪 / 查理兹·塞隆 / 尼古拉斯·霍尔特
类型: 动作 / 科幻 / 冒险
制片国家/地区: 澳大利亚/美国
年份: 2015",3800
376,401,黑寡妇 Black Widow,6.2,202391,"导演: 凯特·绍特兰
主演: 斯嘉丽·约翰逊 / 弗洛伦丝·皮尤 / 蕾切尔·薇兹
类型: 动作 / 科幻 / 冒险
制片国家/地区: 美国
年份: 2021",3797
377,402,哥斯拉 Godzilla,7.2,81522,"导演: 罗兰·艾默里奇
主演: 马修·布罗德里克 / 让·雷诺 / 玛丽亚·皮提罗
类型: 动作 / 科幻 / 冒险 / 灾难
制片国家/地区: 美国/日本
年份: 1998",379
378,403,真实的谎言 True Lies,8.3,157835,"导演: 詹姆斯·卡梅隆
主演: 阿诺·施瓦辛格 / 杰米·李·柯蒂斯 / 汤姆·阿诺德
类型: 喜剧 / 动作 / 惊悚
制片国家/地区: 美国
年份: 1994",378.9
379,404,贫民窟的百万富翁 Slumdog Millionaire,8.6,750246,"导演: 丹尼·博伊尔 / 洛芙琳·坦丹
主演: 戴夫·帕特尔 / 沙鲁巴·舒克拉 / 亚尼·卡普
类型: 剧情 / 爱情
制片国家/地区: 英国
年份: 2008",3780
380,405,好莱坞往事 Once Upon a Time... in Hollywood,7.3,238238,"导演: 昆汀·塔伦蒂诺
主演: 莱昂纳多·迪卡普里奥 / 布拉德·皮特 / 玛格特·罗比
类型: 剧情 / 喜剧
制片国家/地区: 美国/英国/中国大陆
年份: 2019",3776
381,406,飓风营救2 Taken 2,6.9,115381,"导演: 奥利维尔·米加顿
主演: 连姆·尼森 / 玛姬·格蕾斯 / 法米克·詹森
类型: 剧情 / 动作 / 犯罪
制片国家/地区: 法国/美国
年份: 2012",376.1
382,407,特种部队2：全面反击 G.I. Joe: Retaliation,6.6,107741,"导演: 朱浩伟
主演: 道恩·强森 / 雷·帕克 / 李秉宪
类型: 动作 / 科幻
制片国家/地区: 美国
年份: 2013",375.7
383,408,鲨鱼黑帮 Shark Tale,7.1,43495,"导演: 毕鲍·鲍格朗 / 维基·詹森 / 罗伯·莱特曼
主演: 威尔·史密斯 / 罗伯特·德尼罗 / 蕾妮·齐薇格
类型: 喜剧 / 动画 / 冒险
制片国家/地区: 美国
年份: 2004",3745
384,409,偷听女人心 What Women Want,7.1,37960,"导演: 南希·迈耶斯
主演: 梅尔·吉布森 / 海伦·亨特 / 玛丽莎·托梅
类型: 喜剧 / 奇幻 / 爱情
制片国家/地区: 美国
年份: 2000",374.1
385,410,丁丁历险记 The Adventures of Tintin: The Secret of the Unicorn,7.7,129762,"导演: 史蒂文·斯皮尔伯格
主演: 杰米·贝尔 / 安迪·瑟金斯 / 丹尼尔·克雷格
类型: 动作 / 动画 / 悬疑 / 冒险
制片国家/地区: 美国/新西兰/英国/法国/澳大利亚
年份: 2011",374
386,411,蝙蝠侠：侠影之谜 Batman Begins,8.6,411398,"导演: 克里斯托弗·诺兰
主演: 克里斯蒂安·贝尔 / 迈克尔·凯恩 / 连姆·尼森
类型: 剧情 / 动作 / 科幻 / 犯罪 / 惊悚
制片国家/地区: 美国/英国
年份: 2005",3736
387,412,马达加斯加的企鹅 Penguins of Madagascar,7.8,153079,"导演: 埃里克·达尼尔 / 西蒙·J·史密斯
主演: 汤姆·麦格拉思 / 克里斯·米勒 / 克里斯多夫·奈茨
类型: 喜剧 / 动画 / 冒险
制片国家/地区: 美国
年份: 2014",3735
388,413,金刚狼 X-Men Origins: Wolverine,7.6,275199,"导演: 加文·胡德
主演: 休·杰克曼 / 列维·施瑞博尔 / 丹尼·赫斯顿
类型: 动作 / 科幻
制片国家/地区: 美国/英国
年份: 2009",373.1
389,414,黄金罗盘 The Golden Compass,6.5,86759,"导演: 克里斯·韦兹
主演: 妮可·基德曼 / 丹尼尔·克雷格 / 达科塔·布鲁·理查兹
类型: 冒险 / 家庭 / 奇幻
制片国家/地区: 美国/英国
年份: 2007",372.2
390,415,,0,0,"",371.9
391,416,全民情敌 Hitch,7.5,113648,"导演: 安迪·坦纳特
主演: 威尔·史密斯 / 伊娃·门德斯 / 凯文·詹姆斯
类型: 喜剧 / 爱情
制片国家/地区: 美国
年份: 2005",3715
392,417,终结者2018 Terminator Salvation,6.7,99156,"导演: 约瑟夫·麦克金提·尼彻
主演: 克里斯蒂安·贝尔 / 萨姆·沃辛顿 / 穆恩·布拉得古德
类型: 动作 / 冒险 / 科幻 / 惊悚
制片国家/地区: 美国/德国/英国/意大利
年份: 2009",371.4
393,418,美国队长 Captain America: The First Avenger,7.2,373953,"导演: 乔·庄斯顿
主演: 克里斯·埃文斯 / 海莉·阿特维尔 / 塞巴斯蒂安·斯坦
类型: 动作 / 科幻 / 冒险
制片国家/地区: 美国
年份: 2011",370.6
394,419,明日边缘 Edge of Tomorrow,8.2,480717,"导演: 道格·里曼
主演: 汤姆·克鲁斯 / 艾米莉·布朗特 / 布莱丹·格里森
类型: 动作 / 科幻
制片国家/地区: 美国/加拿大
年份: 2014",370.5
395,420,我为玛丽狂 There's Something About Mary,6.9,21681,"导演: 博比·法雷里 / 彼得·法雷里
主演: 卡梅隆·迪亚兹 / 马特·狄龙 / 本·斯蒂勒
类型: 喜剧 / 爱情
制片国家/地区: 美国
年份: 1998",369.9
396,421,消失的爱人 Gone Girl,8.7,964040,"导演: 大卫·芬奇
主演: 本·阿弗莱克 / 裴淳华 / 尼尔·帕特里克·哈里斯
类型: 剧情 / 犯罪 / 悬疑 / 惊悚
制片国家/地区: 美国
年份: 2014",369.3
397,422,亡命天涯 The Fugitive,8.1,39451,"导演: 安德鲁·戴维斯
主演: 哈里森·福特 / 汤米·李·琼斯 / 雪拉·渥德
类型: 动作 / 犯罪 / 剧情 / 悬疑 / 惊悚
制片国家/地区: 美国
年份: 1993",368.9
398,423,侏罗纪公园3 Jurassic Park III,7.4,122463,"导演: 乔·庄斯顿
主演: 山姆·尼尔 / 威廉姆·H·梅西 / 蒂娅·里欧妮
类型: 动作 / 冒险 / 科幻 / 惊悚
制片国家/地区: 美国
年份: 2001",368.8
399,424,我盛大的希腊婚礼 My Big Fat Greek Wedding,6.9,19182,"导演: 乔尔·兹维克
主演: 妮娅·瓦达拉斯 / 迈克尔·康斯坦丁 / 莱妮·卡赞
类型: 喜剧 / 爱情
制片国家/地区: 美国/加拿大
年份: 2002",368.7
400,425,雷霆沙赞！ Shazam!,6.2,256399,"导演: 大卫·F·桑德伯格
主演: 扎克瑞·莱维 / 马克·斯特朗 / 亚瑟·安其
类型: 动作 / 奇幻 / 冒险
制片国家/地区: 美国/加拿大
年份: 2019",3677
401,426,西虹市首富,6.6,1019824,"导演: 闫非 / 彭大魔
主演: 沈腾 / 宋芸桦 / 张一鸣
类型: 喜剧
制片国家/地区: 中国大陆
年份: 2018",3669
402,427,虎胆龙威3 Die Hard: With a Vengeance,7.9,56258,"导演: 约翰·麦克蒂尔南
主演: 布鲁斯·威利斯 / 杰瑞米·艾恩斯 / 塞缪尔·杰克逊
类型: 动作 / 惊悚 / 冒险
制片国家/地区: 美国
年份: 1995",366.1
403,428,修女 The Nun,6.1,60172,"导演: 科林·哈迪
主演: 德米安·比齐尔 / 泰莎·法米加 / 乔纳斯·布洛凯
类型: 悬疑 / 惊悚 / 恐怖
制片国家/地区: 美国/罗马尼亚
年份: 2018",365.6
404,429,鼠来宝 Alvin and the Chipmunks,7.6,67949,"导演: 蒂姆·希尔
主演: 杰森·李 / 大卫·克罗斯 / 卡梅隆·理查德森
类型: 喜剧 / 剧情 / 家庭 / 奇幻 / 音乐
制片国家/地区: 美国
年份: 2007",3653
405,430,信条 Tenet,7.6,730416,"导演: 克里斯托弗·诺兰
主演: 约翰·大卫·华盛顿 / 罗伯特·帕丁森 / 伊丽莎白·德比茨基
类型: 剧情 / 动作 / 科幻
制片国家/地区: 美国/英国
年份: 2020",3653
406,431,诺丁山 Notting Hill,8,366089,"导演: 罗杰·米歇尔
主演: 朱莉娅·罗伯茨 / 休·格兰特 / 理查德·麦凯布
类型: 喜剧 / 爱情
制片国家/地区: 英国/美国
年份: 1999",3638
407,432,虫虫危机 A Bug's Life,8,98863,"导演: 约翰·拉塞特 / 安德鲁·斯坦顿
主演: 大卫·弗利 / 凯文·史派西 / 茱莉亚·路易斯-德瑞弗斯
类型: 喜剧 / 动画 / 冒险
制片国家/地区: 美国
年份: 1998",363.3
408,433,博物馆奇妙夜3 Night at the Museum: Secret of the Tomb,7.3,172386,"导演: 肖恩·利维
主演: 本·斯蒂勒 / 罗宾·威廉姆斯 / 欧文·威尔逊
类型: 喜剧 / 奇幻 / 冒险
制片国家/地区: 美国/英国
年份: 2014",363.2
409,434,十二罗汉 Ocean's Twelve,7.3,115336,"导演: 史蒂文·索德伯格
主演: 乔治·克鲁尼 / 布拉德·皮特 / 凯瑟琳·泽塔-琼斯
类型: 犯罪 / 惊悚
制片国家/地区: 美国
年份: 2004",3627
410,435,决战猩球 Planet of the Apes,6.9,46593,"导演: 蒂姆·波顿
主演: 马克·沃尔伯格 / 蒂姆·罗斯 / 海伦娜·伯翰·卡特
类型: 动作 / 冒险 / 科幻 / 惊悚
制片国家/地区: 美国
年份: 2001",362.2
411,436,宿醉3 The Hangover Part III,6.6,65701,"导演: 托德·菲利普斯
主演: 布莱德利·库珀 / 扎克·加利凡纳基斯 / 艾德·赫尔姆斯
类型: 喜剧
制片国家/地区: 美国
年份: 2013",362
412,437,007之黑日危机 The World Is Not Enough,7.6,51492,"导演: 迈克尔·艾普特
主演: 皮尔斯·布鲁斯南 / 苏菲·玛索 / 罗伯特·卡莱尔
类型: 动作 / 惊悚 / 冒险
制片国家/地区: 英国/美国
年份: 1999",3618
413,438,捉妖记2,4.9,363519,"导演: 许诚毅
主演: 梁朝伟 / 白百何 / 井柏然
类型: 喜剧 / 动作 / 奇幻 / 古装
制片国家/地区: 中国大陆/中国香港
年份: 2018",361.7
414,439,速度与激情4 Fast & Furious,7.8,177078,"导演: 林诣彬
主演: 范·迪塞尔 / 保罗·沃克 / 米歇尔·罗德里格兹
类型: 动作 / 犯罪
制片国家/地区: 美国
年份: 2009",3603
415,440,诺亚方舟：创世之旅 Noah,5.9,27481,"导演: 达伦·阿伦诺夫斯基
主演: 罗素·克劳 / 詹妮弗·康纳利 / 雷·温斯顿
类型: 动作 / 冒险 / 灾难
制片国家/地区: 美国
年份: 2014",3592
416,441,功夫梦 The Karate Kid,6.4,97479,"导演: 哈罗德·兹瓦特
主演: 贾登·史密斯 / 成龙 / 塔拉吉·P·汉森
类型: 动作 / 剧情 / 家庭 / 运动
制片国家/地区: 美国/中国大陆
年份: 2010",359.1
417,442,小鬼当家2 Home Alone 2: Lost in New York,8.1,166224,"导演: 克里斯·哥伦布
主演: 麦考利·卡尔金 / 乔·佩西 / 丹尼尔·斯特恩
类型: 喜剧 / 犯罪 / 家庭
制片国家/地区: 美国
年份: 1992",3589
418,443,精灵旅社 Hotel Transylvania,8.1,271707,"导演: 格恩迪·塔塔科夫斯基
主演: 亚当·桑德勒 / 安迪·萨姆伯格 / 赛琳娜·戈麦斯
类型: 喜剧 / 动画 / 奇幻
制片国家/地区: 美国
年份: 2012",358.4
419,444,少数派报告 Minority Report,7.9,170008,"导演: 史蒂文·斯皮尔伯格
主演: 汤姆·克鲁斯 / 科林·法瑞尔 / 马克斯·冯·叙多夫
类型: 科幻 / 犯罪 / 惊悚
制片国家/地区: 美国
年份: 2002",358.4
420,445,壮志凌云 Top Gun,7.6,107887,"导演: 托尼·斯科特
主演: 汤姆·克鲁斯 / 凯莉·麦吉利斯 / 方·基默
类型: 剧情 / 动作
制片国家/地区: 美国
年份: 1986",356.8
421,446,千与千寻 千と千尋の神隠し,9.4,2267142,"导演: 宫崎骏
主演: 柊瑠美 / 入野自由 / 夏木真理
类型: 剧情 / 动画 / 奇幻
制片国家/地区: 日本
年份: 2001",3572
422,447,泰山归来：险战丛林 The Legend of Tarzan,6.1,43106,"导演: 大卫·叶茨
主演: 亚历山大·斯卡斯加德 / 玛格特·罗比 / 塞缪尔·杰克逊
类型: 动作 / 冒险
制片国家/地区: 英国/加拿大/美国/澳大利亚
年份: 2016",356.7
423,448,美国丽人 American Beauty,8.5,332180,"导演: 萨姆·门德斯
主演: 凯文·史派西 / 安妮特·贝宁 / 索拉·伯奇
类型: 剧情 / 爱情 / 家庭
制片国家/地区: 美国
年份: 1999",356.3
424,449,阿波罗13号 Apollo 13,8.1,36138,"导演: 朗·霍华德
主演: 汤姆·汉克斯 / 比尔·帕克斯顿 / 凯文·贝肯
类型: 冒险 / 剧情 / 历史
制片国家/地区: 美国
年份: 1995",355.2
425,450,雨人 Rain Man,8.7,407117,"导演: 巴瑞·莱文森
主演: 达斯汀·霍夫曼 / 汤姆·克鲁斯 / 瓦莱丽亚·戈利诺
类型: 剧情
制片国家/地区: 美国
年份: 1988",354.8
426,451,巨齿鲨2：深渊 Meg 2: The Trench,5.1,119464,"导演: 本·维特利
主演: 杰森·斯坦森 / 吴京 / 蔡书雅
类型: 动作 / 科幻 / 冒险
制片国家/地区: 美国/中国大陆
年份: 2023",3546
427,452,了不起的盖茨比 The Great Gatsby,8,652165,"导演: 巴兹·鲁赫曼
主演: 莱昂纳多·迪卡普里奥 / 凯瑞·穆里根 / 托比·马奎尔
类型: 剧情 / 爱情
制片国家/地区: 澳大利亚/美国
年份: 2013",353.6
428,453,小飞象 Dumbo,6.5,71994,"导演: 蒂姆·波顿
主演: 伊娃·格林 / 科林·法瑞尔 / 迈克尔·基顿
类型: 奇幻 / 冒险
制片国家/地区: 美国/英国/澳大利亚/加拿大
年份: 2019",3532
429,454,我，机器人 I, Robot,8.2,277445,"导演: 亚历克斯·普罗亚斯
主演: 威尔·史密斯 / 布里吉特·莫伊纳汉 / 艾伦·图代克
类型: 动作 / 悬疑 / 科幻 / 惊悚
制片国家/地区: 美国/德国
年份: 2004",3531
430,455,本能 Basic Instinct,7.9,160156,"导演: 保罗·范霍文
主演: 迈克尔·道格拉斯 / 莎朗·斯通 / 乔治·杜兹达扎
类型: 剧情 / 悬疑 / 惊悚
制片国家/地区: 美国/法国
年份: 1992",352.9
431,456,东方快车谋杀案 Murder on the Orient Express,6.8,310165,"导演: 肯尼思·布拉纳
主演: 肯尼思·布拉纳 / 汤姆·巴特曼 / 米歇尔·菲佛
类型: 剧情 / 犯罪 / 悬疑
制片国家/地区: 马耳他/美国
年份: 2017",352.8
432,457,X战警：第一战 X-Men: First Class,8.2,332990,"导演: 马修·沃恩
主演: 詹姆斯·麦卡沃伊 / 迈克尔·法斯宾德 / 凯文·贝肯
类型: 动作 / 剧情 / 科幻
制片国家/地区: 美国/英国
年份: 2011",3526
433,458,愤怒的小鸟 Angry Birds,7.2,120944,"导演: 费格尔·雷利 / 克雷·卡提斯
主演: 杰森·苏戴奇斯 / 乔什·加德 / 丹尼·麦克布莱德
类型: 喜剧 / 动画 / 冒险
制片国家/地区: 芬兰/美国
年份: 2016",352.3
434,459,007之黄金眼 GoldenEye,7.6,47923,"导演: 马丁·坎贝尔
主演: 皮尔斯·布鲁斯南 / 肖恩·宾 / 伊莎贝拉·斯科鲁普科
类型: 动作 / 冒险 / 惊悚
制片国家/地区: 英国/美国
年份: 1995",352.2
435,460,猫鼠游戏 Catch Me If You Can,9.1,1039770,"导演: 史蒂文·斯皮尔伯格
主演: 莱昂纳多·迪卡普里奥 / 汤姆·汉克斯 / 克里斯托弗·沃肯
类型: 传记 / 犯罪 / 剧情
制片国家/地区: 美国/加拿大
年份: 2002",352.1
436,461,惊天魔盗团 Now You See Me,7.8,556249,"导演: 路易斯·莱特里尔
主演: 杰西·艾森伯格 / 艾拉·菲舍尔 / 伍迪·哈里森
类型: 剧情 / 犯罪 / 悬疑
制片国家/地区: 美国/法国
年份: 2013",351.7
437,462,汉尼拔 Hannibal,8.3,201146,"导演: 雷德利·斯科特
主演: 安东尼·霍普金斯 / 朱丽安·摩尔 / 加里·奥德曼
类型: 犯罪 / 惊悚
制片国家/地区: 英国/美国
年份: 2001",351.7
438,463,变相怪杰 The Mask,8,271853,"导演: 查克·拉塞尔
主演: 金·凯瑞 / 彼得·里格特 / 彼得·格林纳
类型: 喜剧 / 奇幻
制片国家/地区: 美国
年份: 1994",351.6
439,464,比得兔 Peter Rabbit,7,104238,"导演: 威尔·古勒
主演: 詹姆斯·柯登 / 多姆纳尔·格里森 / 罗丝·伯恩
类型: 喜剧 / 动画 / 冒险
制片国家/地区: 美国/英国/澳大利亚
年份: 2018",351.3
440,465,生死时速 Speed,8.2,123066,"导演: 扬·德·邦特
主演: 基努·里维斯 / 桑德拉·布洛克 / 丹尼斯·霍珀
类型: 动作 / 犯罪 / 惊悚 / 冒险
制片国家/地区: 美国
年份: 1994",350.4
441,466,恐龙 Dinosaur,7.7,20955,"导演: 埃里克·莱顿 / 拉尔夫·宗戴格
主演: 阿尔法·伍达德 / 奥西·戴维斯 / 马克斯·凯塞拉
类型: 动画 / 冒险
制片国家/地区: 美国
年份: 2000",349.8
442,467,欢乐满人间2 Mary Poppins Returns,6.7,11619,"导演: 罗伯·马歇尔
主演: 艾米莉·布朗特 / 梅丽尔·斯特里普 / 科林·费尔斯
类型: 喜剧 / 歌舞 / 家庭
制片国家/地区: 美国
年份: 2018",349.5
443,468,天地大冲撞 Deep Impact,7.2,43858,"导演: 米密·莱德
主演: 伊利亚·伍德 / 瓦妮莎·雷德格雷夫 / 摩根·弗里曼
类型: 科幻 / 灾难
制片国家/地区: 美国
年份: 1998",3494
444,469,老雷斯的故事 The Lorax,6.9,26963,"导演: 克里斯·雷纳德 / 凯尔·巴尔达
主演: 扎克·埃夫隆 / 泰勒·斯威夫特 / 丹尼·德维托
类型: 动画 / 奇幻 / 家庭
制片国家/地区: 美国/法国
年份: 2012",348.8
445,470,移动迷宫 The Maze Runner,7.1,223855,"导演: 韦斯·鲍尔
主演: 迪伦·奥布莱恩 / 阿梅尔·艾米恩 / 李起弘
类型: 动作 / 科幻 / 冒险
制片国家/地区: 美国/英国
年份: 2014",348.3
446,471,蓝精灵2 The Smurfs 2,6.6,28661,"导演: 拉加·高斯内尔
主演: 尼尔·帕特里克·哈里斯 / 布莱丹·格里森 / 汉克·阿扎利亚
类型: 喜剧 / 动画 / 奇幻
制片国家/地区: 美国
年份: 2013",347.5
447,472,国家宝藏 National Treasure,7.7,155052,"导演: 乔·德特杜巴
主演: 尼古拉斯·凯奇 / 黛安·克鲁格 / 贾斯汀·巴萨
类型: 动作 / 悬疑 / 冒险
制片国家/地区: 美国
年份: 2004",347.5
448,473,尖峰时刻2 Rush Hour 2,7.1,81152,"导演: 布莱特·拉特纳
主演: 成龙 / 克里斯·塔克 / 尊龙
类型: 动作 / 喜剧 / 犯罪 / 惊悚
制片国家/地区: 美国
年份: 2001",347.3
449,474,魔发精灵 Trolls,7,27799,"导演: 迈克·米切尔 / 沃尔特·道恩
主演: 安娜·肯德里克 / 贾斯汀·汀布莱克 / 佐伊·丹斯切尔
类型: 动画 / 奇幻 / 冒险 / 歌舞
制片国家/地区: 美国
年份: 2016",346.9
450,475,极限特工3：终极回归 xXx: Return of Xander Cage,5.6,112453,"导演: D·J·卡卢索
主演: 范·迪塞尔 / 甄子丹 / 迪皮卡·帕度柯妮
类型: 动作 / 冒险
制片国家/地区: 美国
年份: 2017",346.1
451,476,风中奇缘 Pocahontas,7.7,35725,"导演: 迈克·加布里尔 / 埃里克·古德伯格
主演: 乔·贝克 / 克里斯蒂安·贝尔 / 艾琳·贝达
类型: 动画 / 剧情 / 家庭 / 历史 / 歌舞 / 爱情
制片国家/地区: 美国
年份: 1995",346.1
452,477,圣诞怪杰 How the Grinch Stole Christmas,6.8,13413,"导演: 朗·霍华德
主演: 金·凯瑞 / 泰勒·摩森 / 杰弗里·塔伯
类型: 喜剧 / 家庭 / 奇幻
制片国家/地区: 美国/德国
年份: 2000",3455
453,478,星际迷航3：超越星辰 Star Trek Beyond,7.5,146481,"导演: 林诣彬
主演: 克里斯·派恩 / 扎克瑞·昆图 / 卡尔·厄本
类型: 动作 / 科幻 / 冒险
制片国家/地区: 美国
年份: 2016",343.5
454,479,鼠来宝3 Alvin and the Chipmunks: Chip-Wrecked,7.1,18880,"导演: 迈克·米切尔
主演: 贾斯汀·朗 / 杰西·麦卡尼 / 马修·格雷·古柏勒
类型: 喜剧 / 动画 / 奇幻 / 音乐 / 家庭
制片国家/地区: 美国
年份: 2011",342.7
455,480,通缉令 Wanted,7.4,181301,"导演: 提莫·贝克曼贝托夫
主演: 詹姆斯·麦卡沃伊 / 摩根·弗里曼 / 安吉丽娜·朱莉
类型: 动作 / 犯罪 / 奇幻
制片国家/地区: 美国/德国
年份: 2008",3424
456,481,摩登原始人之摔跤赛攻击波 The Flintstones,7.1,1225,"导演: 布莱恩·莱温特
主演: 约翰·古德曼 / 伊丽莎白·帕金斯 / 里克·莫拉尼斯
类型: 喜剧 / 犯罪 / 家庭
制片国家/地区: 美国
年份: 1994",341.6
457,482,寂静之地 A Quiet Place,6.3,302898,"导演: 约翰·卡拉辛斯基
主演: 艾米莉·布朗特 / 约翰·卡拉辛斯基 / 米利森特·西蒙兹
类型: 惊悚 / 恐怖
制片国家/地区: 美国
年份: 2018",340.9
458,483,魔法奇缘 Enchanted,7.2,62191,"导演: 凯文·利玛
主演: 艾米·亚当斯 / 帕特里克·德姆西 / 詹姆斯·麦斯登
类型: 喜剧 / 爱情 / 动画 / 歌舞
制片国家/地区: 美国
年份: 2007",340.5
459,484,篱笆墙外 Over the Hedge,7.4,21668,"导演: 提姆·约翰森 / 凯瑞·柯克帕特里克
主演: 布鲁斯·威利斯 / 盖瑞·山德林 / 史蒂夫·卡瑞尔
类型: 喜剧 / 动画 / 冒险
制片国家/地区: 美国
年份: 2006",3397
460,485,300勇士：帝国崛起 300: Rise of an Empire,6.4,43059,"导演: 诺姆·穆罗
主演: 沙利文·斯特普尔顿 / 罗德里戈·桑托罗 / 伊娃·格林
类型: 剧情 / 动作 / 历史 / 战争
制片国家/地区: 美国
年份: 2014",337.6
461,486,永远的蝙蝠侠 Batman Forever,6.7,31459,"导演: 乔·舒马赫
主演: 方·基默 / 汤米·李·琼斯 / 金·凯瑞
类型: 动作 / 冒险
制片国家/地区: 美国/英国
年份: 1995",336.5
462,487,波斯王子：时之刃 Prince of Persia: The Sands of Time,7.2,113696,"导演: 迈克·内威尔
主演: 杰克·吉伦哈尔 / 杰玛·阿特登 / 本·金斯利
类型: 动作 / 奇幻 / 冒险
制片国家/地区: 美国
年份: 2010",336.4
463,488,本杰明·巴顿奇事 The Curious Case of Benjamin Button,9,992419,"导演: 大卫·芬奇
主演: 凯特·布兰切特 / 布拉德·皮特 / 朱莉娅·奥蒙德
类型: 剧情 / 爱情 / 奇幻
制片国家/地区: 美国
年份: 2008",3358
464,489,地心历险记2：神秘岛 Journey 2: The Mysterious Island,6.4,85574,"导演: 布拉德·佩顿
主演: 道恩·强森 / 乔什·哈切森 / 迈克尔·凯恩
类型: 动作 / 科幻 / 冒险
制片国家/地区: 美国
年份: 2012",335.3
465,490,勇闯夺命岛 The Rock,8.6,249219,"导演: 迈克尔·贝
主演: 肖恩·康纳利 / 尼古拉斯·凯奇 / 艾德·哈里斯
类型: 动作 / 冒险
制片国家/地区: 美国
年份: 1996",335.1
466,491,长城 The Great Wall,4.9,401870,"导演: 张艺谋
主演: 马特·达蒙 / 景甜 / 佩德罗·帕斯卡
类型: 动作 / 奇幻 / 冒险
制片国家/地区: 中国大陆/美国
年份: 2016",334.9
467,492,惊天魔盗团2 Now You See Me 2,6.9,312665,"导演: 朱浩伟
主演: 杰西·艾森伯格 / 马克·鲁弗洛 / 伍迪·哈里森
类型: 剧情 / 犯罪 / 悬疑
制片国家/地区: 美国
年份: 2016",334.9
468,493,羞羞的铁拳,6.8,713446,"导演: 宋阳 / 张吃鱼
主演: 艾伦 / 马丽 / 沈腾
类型: 喜剧 / 奇幻
制片国家/地区: 中国大陆
年份: 2017",3345
469,494,BJ单身日记 Bridget Jones's Diary,7.5,223982,"导演: 莎伦·马奎尔
主演: 蕾妮·齐薇格 / 科林·费尔斯 / 休·格兰特
类型: 喜剧 / 爱情
制片国家/地区: 英国/法国/美国/爱尔兰
年份: 2001",3342
470,495,神奇四侠 Fantastic Four,6.7,157091,"导演: 蒂姆·斯托瑞
主演: 艾恩·格拉法德 / 杰西卡·阿尔芭 / 克里斯·埃文斯
类型: 动作 / 科幻 / 冒险
制片国家/地区: 美国/德国
年份: 2005",3335
471,496,夺宝奇兵2 Indiana Jones and the Temple of Doom,7.8,61458,"导演: 史蒂文·斯皮尔伯格
主演: 哈里森·福特 / 凯特·卡普肖 / 关继威
类型: 动作 / 冒险
制片国家/地区: 美国
年份: 1984",333.1
472,497,007之明日帝国 Tomorrow Never Dies,7.4,42357,"导演: 罗杰·斯波蒂斯伍德
主演: 皮尔斯·布鲁斯南 / 乔纳森·普雷斯 / 杨紫琼
类型: 动作 / 冒险 / 惊悚
制片国家/地区: 英国/美国
年份: 1997",3330
473,498,回到未来2 Back to the Future Part II,8.5,112715,"导演: 罗伯特·泽米吉斯
主演: 迈克尔·J·福克斯 / 克里斯托弗·洛伊德 / 莉·汤普森
类型: 喜剧 / 科幻 / 冒险
制片国家/地区: 美国
年份: 1989",3325
474,499,恐龙当家 The Good Dinosaur,7.5,58304,"导演: 彼得·孙
主演: 雷蒙德·奥乔亚 / 杰克·布赖特 / 杰弗里·怀特
类型: 喜剧 / 动画 / 冒险 / 家庭
制片国家/地区: 美国
年份: 2015",332.2
475,500,失控玩家 Free Guy,7.5,688828,"导演: 肖恩·利维
主演: 瑞安·雷诺兹 / 朱迪·科默 / 乔·基瑞
类型: 喜剧 / 动作 / 科幻
制片国家/地区: 美国/加拿大
年份: 2021",3313
476,501,龙虎少年队2 22 Jump Street,6.9,25736,"导演: 菲尔·罗德 / 克里斯托弗·米勒
主演: 乔纳·希尔 / 查宁·塔图姆 / 彼得·斯特曼
类型: 喜剧 / 动作 / 犯罪
制片国家/地区: 美国
年份: 2014",331.3
477,502,拜见岳父大人 Meet the Parents,7.1,60675,"导演: 杰伊·罗奇
主演: 罗伯特·德尼罗 / 本·斯蒂勒 / 特丽·波洛
类型: 喜剧 / 爱情
制片国家/地区: 美国
年份: 2000",330.4
478,503,谁陷害了兔子罗杰 Who Framed Roger Rabbit,7.8,22839,"导演: 罗伯特·泽米吉斯
主演: 鲍勃·霍斯金斯 / 克里斯托弗·洛伊德 / 乔安娜·卡西迪
类型: 喜剧 / 动画 / 冒险
制片国家/地区: 美国
年份: 1988",329.8
479,504,黑天鹅 Black Swan,8.6,784904,"导演: 达伦·阿伦诺夫斯基
主演: 娜塔莉·波特曼 / 米拉·库尼斯 / 文森特·卡塞尔
类型: 剧情 / 惊悚
制片国家/地区: 美国
年份: 2010",329.4
480,505,完美风暴 The Perfect Storm,7.6,36699,"导演: 沃尔夫冈·彼德森
主演: 乔治·克鲁尼 / 马克·沃尔伯格 / 约翰·C·赖利
类型: 剧情 / 灾难
制片国家/地区: 美国
年份: 2000",328.7
481,506,疾速追杀3 John Wick: Chapter 3 - Parabellum,7.9,199934,"导演: 查德·斯塔赫斯基
主演: 基努·里维斯 / 哈莉·贝瑞 / 劳伦斯·菲什伯恩
类型: 动作 / 犯罪 / 惊悚
制片国家/地区: 美国
年份: 2019",3283
482,507,鳄鱼邓迪 Crocodile Dundee,7.2,2711,"导演: 彼得·费曼
主演: 保罗·霍根 / 琳达·科斯罗斯基 / 约翰·梅永
类型: 喜剧 / 动作 / 冒险
制片国家/地区: 澳大利亚
年份: 1986",328.2
483,508,疯狂的外星人,6.4,689744,"导演: 宁浩
主演: 黄渤 / 沈腾 / 汤姆·派福瑞
类型: 喜剧 / 科幻
制片国家/地区: 中国大陆
年份: 2019",3275
484,509,七宗罪 Se7en,8.8,950546,"导演: 大卫·芬奇
主演: 摩根·弗里曼 / 布拉德·皮特 / 凯文·史派西
类型: 剧情 / 犯罪 / 悬疑 / 惊悚
制片国家/地区: 美国
年份: 1995",327.3
485,510,穿普拉达的女王 The Devil Wears Prada,8.2,725613,"导演: 大卫·弗兰科尔
主演: 梅丽尔·斯特里普 / 安妮·海瑟薇 / 艾米莉·布朗特
类型: 剧情 / 喜剧
制片国家/地区: 美国/法国
年份: 2006",3267
486,511,飓风营救3 Taken 3,6.6,91397,"导演: 奥利维尔·米加顿
主演: 连姆·尼森 / 福里斯特·惠特克 / 法米克·詹森
类型: 动作 / 犯罪 / 惊悚
制片国家/地区: 法国/美国/西班牙
年份: 2014",326.5
487,512,钟楼怪人 The Hunchback of Notre Dame,7.7,10457,"导演: 加里·特洛斯达勒 / 柯克·维斯
主演: 汤姆·休斯克 / 黛米·摩尔 / 托尼·杰
类型: 动画 / 剧情 / 家庭 / 歌舞 / 爱情
制片国家/地区: 美国
年份: 1996",325.3
488,513,圣诞颂歌 A Christmas Carol,7.4,23335,"导演: 罗伯特·泽米吉斯
主演: 金·凯瑞 / 加里·奥德曼 / 罗宾·怀特
类型: 动画 / 剧情 / 家庭 / 奇幻
制片国家/地区: 美国
年份: 2009",325.3
489,514,海绵宝宝 The SpongeBob Movie: Sponge Out of Water,7.6,48724,"导演: 保罗·提比特 / 迈克·米切尔
主演: 安东尼奥·班德拉斯 / 艾瑞克·鲍扎 / 蒂姆·康威
类型: 喜剧 / 动画 / 冒险
制片国家/地区: 美国
年份: 2015",3251
490,515,辛德勒的名单 Schindler's List,9.6,1117219,"导演: 史蒂文·斯皮尔伯格
主演: 连姆·尼森 / 本·金斯利 / 拉尔夫·费因斯
类型: 剧情 / 历史 / 战争
制片国家/地区: 美国
年份: 1993",322.1
491,516,超级大坏蛋 Megamind,7.8,127295,"导演: 汤姆·麦格拉思
主演: 威尔·法瑞尔 / 乔纳·希尔 / 布拉德·皮特
类型: 喜剧 / 动作 / 动画
制片国家/地区: 美国
年份: 2010",321.9
492,517,招魂2 The Conjuring 2,7.9,199090,"导演: 温子仁
主演: 帕特里克·威尔森 / 维拉·法米加 / 麦迪逊·沃尔夫
类型: 剧情 / 悬疑 / 恐怖
制片国家/地区: 加拿大/美国/英国
年份: 2016",3218
493,518,绿皮书 Green Book,8.9,1667547,"导演: 彼得·法雷里
主演: 维果·莫腾森 / 马赫沙拉·阿里 / 琳达·卡德里尼
类型: 剧情 / 喜剧 / 传记 / 音乐
制片国家/地区: 美国/中国大陆
年份: 2018",3217
494,519,致命武器3 Lethal Weapon 3,6.8,3667,"导演: 理查德·唐纳
主演: 梅尔·吉布森 / 丹尼·格洛弗 / 乔·佩西
类型: 动作 / 犯罪 / 惊悚
制片国家/地区: 美国
年份: 1992",321.7
495,520,罗宾汉 Robin Hood,6.8,28321,"导演: 雷德利·斯科特
主演: 罗素·克劳 / 凯特·布兰切特 / 马克斯·冯·叙多夫
类型: 剧情 / 动作 / 冒险
制片国家/地区: 美国/英国
年份: 2010",3216
496,521,无耻混蛋 Inglourious Basterds,8.7,483064,"导演: 昆汀·塔伦蒂诺
主演: 布拉德·皮特 / 梅拉尼·罗兰 / 克里斯托弗·瓦尔兹
类型: 剧情 / 犯罪
制片国家/地区: 德国/美国
年份: 2009",321.5
497,522,101真狗 101 Dalmatians,7.4,92238,"导演: 斯蒂芬·赫瑞克
主演: 格伦·克洛斯 / 杰夫·丹尼尔斯 / 乔莉·理查德森
类型: 喜剧 / 犯罪 / 冒险
制片国家/地区: 美国
年份: 1996",320.7
498,523,招魂 The Conjuring,8,344826,"导演: 温子仁
主演: 维拉·法米加 / 帕特里克·威尔森 / 莉莉·泰勒
类型: 悬疑 / 惊悚 / 恐怖
制片国家/地区: 美国
年份: 2013",3204
499,524,致命诱惑 Fatal Attraction,7,6679,"导演: 阿德里安·莱恩
主演: 迈克尔·道格拉斯 / 格伦·克洛斯 / 安妮·阿彻
类型: 剧情 / 惊悚
制片国家/地区: 美国
年份: 1987",320.1
500,525,刺猬索尼克 Sonic the Hedgehog,6,43110,"导演: 杰夫·福勒
主演: 詹姆斯·麦斯登 / 金·凯瑞 / 本·施瓦茨
类型: 喜剧 / 动作 / 动画 / 冒险
制片国家/地区: 加拿大/日本/美国
年份: 2020",3197
501,526,最后的风之子 The Last Airbender,5.1,23470,"导演: M·奈特·沙马兰
主演: 诺亚·林格 / 戴夫·帕特尔 / 杰克逊·拉斯波恩
类型: 动作 / 冒险 / 家庭 / 奇幻
制片国家/地区: 美国
年份: 2010",319.7
502,527,假结婚 The Proposal,7.2,160522,"导演: 安妮·弗莱彻
主演: 桑德拉·布洛克 / 瑞安·雷诺兹 / 玛丽·斯汀伯根
类型: 喜剧 / 剧情 / 爱情
制片国家/地区: 美国
年份: 2009",317.4
503,528,极地特快 The Polar Express,7.7,51811,"导演: 罗伯特·泽米吉斯
主演: 汤姆·汉克斯 / 埃迪·狄森 / 诺娜·加耶
类型: 动画 / 冒险 / 家庭 / 奇幻
制片国家/地区: 美国
年份: 2004",3168
504,529,美丽心灵 A Beautiful Mind,9.1,776097,"导演: 朗·霍华德
主演: 罗素·克劳 / 艾德·哈里斯 / 詹妮弗·康纳利
类型: 传记 / 剧情
制片国家/地区: 美国
年份: 2001",3167
505,530,比佛利山超级警探 Beverly Hills Cop,7,2841,"导演: 马丁·布莱斯特
主演: 艾迪·墨菲 / 祖德·莱茵霍尔德 / 约翰·阿什顿
类型: 动作 / 喜剧 / 犯罪 / 剧情 / 惊悚
制片国家/地区: 美国
年份: 1984",316.4
506,531,空军一号 Air Force One,7.5,73409,"导演: 沃尔夫冈·彼德森
主演: 哈里森·福特 / 加里·奥德曼 / 格伦·克洛斯
类型: 动作 / 剧情 / 惊悚
制片国家/地区: 美国/德国
年份: 1997",315.2
507,532,奇迹男孩 Wonder,8.6,554835,"导演: 斯蒂芬·卓博斯基
主演: 雅各布·特伦布莱 / 朱莉娅·罗伯茨 / 伊扎贝拉·维多维奇
类型: 剧情 / 儿童 / 家庭
制片国家/地区: 美国/中国香港
年份: 2017",3150
508,533,敢死队2 The Expendables 2,7,148728,"导演: 西蒙·韦斯特
主演: 西尔维斯特·史泰龙 / 杰森·斯坦森 / 李连杰
类型: 动作 / 冒险
制片国家/地区: 美国/德国/保加利亚/中国大陆
年份: 2012",315
509,534,四眼天鸡 Chicken Little,6.8,20431,"导演: 马克·汀戴尔
主演: 扎克·布拉夫 / 盖瑞·马歇尔 / 斯蒂夫·扎恩
类型: 动画 / 冒险 / 喜剧 / 家庭 / 科幻
制片国家/地区: 美国
年份: 2005",314.4
510,535,尽善尽美 As Good as It Gets,8.2,33257,"导演: 詹姆斯·L·布鲁克斯
主演: 杰克·尼科尔森 / 海伦·亨特 / 格雷戈·金尼尔
类型: 爱情 / 喜剧 / 剧情
制片国家/地区: 美国
年份: 1997",314.2
511,536,王牌大贱谍2 Austin Powers: The Spy Who Shagged Me,6.3,5620,"导演: 杰伊·罗奇
主演: 麦克·梅尔斯 / 海瑟·格拉汉姆 / 麦克尔·约克
类型: 动作 / 冒险 / 喜剧 / 犯罪
制片国家/地区: 美国
年份: 1999",3137
512,537,利刃出鞘 Knives Out,8.1,823581,"导演: 莱恩·约翰逊
主演: 丹尼尔·克雷格 / 安娜·德·阿玛斯 / 克里斯·埃文斯
类型: 剧情 / 喜剧 / 犯罪 / 悬疑
制片国家/地区: 美国
年份: 2019",3128
513,538,移动迷宫2 Maze Runner: The Scorch Trials,6.1,121659,"导演: 韦斯·鲍尔
主演: 迪伦·奥布莱恩 / 卡雅·斯考达里奥 / 托马斯·布罗迪-桑斯特
类型: 动作 / 科幻 / 冒险
制片国家/地区: 美国
年份: 2015",312.3
514,539,生化危机：终章 Resident Evil: The Final Chapter,6.5,262558,"导演: 保罗·安德森
主演: 米拉·乔沃维奇 / 伊恩·格雷 / 艾丽·拉特
类型: 动作 / 科幻 / 恐怖
制片国家/地区: 美国/德国/法国/加拿大/南非/澳大利亚/英国/日本/中国大陆
年份: 2016",312.2
515,540,乐高蝙蝠侠大电影 The Lego Batman Movie,8,62317,"导演: 克里斯·麦凯
主演: 威尔·阿奈特 / 罗莎里奥·道森 / 拉尔夫·费因斯
类型: 喜剧 / 动作 / 动画 / 冒险
制片国家/地区: 美国/丹麦/澳大利亚
年份: 2017",312
516,541,十三罗汉 Ocean's Thirteen,7.5,97949,"导演: 史蒂文·索德伯格
主演: 乔治·克鲁尼 / 布拉德·皮特 / 马特·达蒙
类型: 犯罪 / 惊悚
制片国家/地区: 美国
年份: 2007",311.3
517,542,拜见岳父大人3 Little Fockers,6.4,21108,"导演: 保罗·韦兹
主演: 罗伯特·德尼罗 / 本·斯蒂勒 / 欧文·威尔逊
类型: 喜剧
制片国家/地区: 美国
年份: 2010",310.7
518,543,闪电狗 Bolt,7.5,123262,"导演: 拜伦·霍华德 / 克里斯·威廉姆斯
主演: 约翰·特拉沃尔塔 / 麦莉·赛勒斯 / 苏茜·伊斯曼
类型: 剧情 / 喜剧 / 动画 / 冒险 / 家庭
制片国家/地区: 美国
年份: 2008",310
519,544,赎金 Ransom,7.3,6944,"导演: 朗·霍华德
主演: 梅尔·吉布森 / 蕾妮·罗素 / 德尔罗伊·林多
类型: 动作 / 犯罪 / 惊悚
制片国家/地区: 美国
年份: 1996",309.5
520,545,落跑新娘 Runaway Bride,6.8,24856,"导演: 盖瑞·马歇尔
主演: 朱莉娅·罗伯茨 / 理查·基尔 / 琼·库萨克
类型: 喜剧 / 爱情
制片国家/地区: 美国
年份: 1999",309.5
521,546,弱点 The Blind Side,8.7,312679,"导演: 约翰·李·汉考克
主演: 桑德拉·布洛克 / 蒂姆·麦格罗 / 昆东·亚伦
类型: 剧情 / 家庭 / 传记 / 运动
制片国家/地区: 美国
年份: 2009",309.2
522,547,前任3：再见前任,5.5,393814,"导演: 田羽生
主演: 韩庚 / 郑恺 / 于文文
类型: 喜剧 / 爱情
制片国家/地区: 中国大陆
年份: 2017",3075
523,548,星运里的错 The Fault in Our Stars,7.9,108214,"导演: 约什·布恩
主演: 谢琳·伍德蕾 / 安塞尔·艾尔高特 / 纳特·沃尔夫
类型: 剧情 / 爱情
制片国家/地区: 美国
年份: 2014",307.2
524,549,当幸福来敲门 The Pursuit of Happyness,9.2,1534601,"导演: 加布里埃莱·穆奇诺
主演: 威尔·史密斯 / 贾登·史密斯 / 坦迪·牛顿
类型: 剧情 / 传记 / 家庭
制片国家/地区: 美国
年份: 2006",307.1
525,550,守护者联盟 Rise of the Guardians,8.2,98442,"导演: 彼得·拉姆齐
主演: 克里斯·派恩 / 休·杰克曼 / 艾拉·菲舍尔
类型: 动画 / 家庭 / 奇幻 / 冒险
制片国家/地区: 美国
年份: 2012",306.9
526,551,第三类接触 Close Encounters of the Third Kind,7.2,21012,"导演: 史蒂文·斯皮尔伯格
主演: 理查德·德莱福斯 / 弗朗索瓦·特吕弗 / 特瑞·加尔
类型: 剧情 / 科幻
制片国家/地区: 美国
年份: 1977",306.9
527,552,芝加哥 Chicago,8.9,158274,"导演: 罗伯·马歇尔
主演: 泰雅·迪格斯 / 凯瑟琳·泽塔-琼斯 / 蕾妮·齐薇格
类型: 喜剧 / 歌舞 / 犯罪
制片国家/地区: 美国/德国
年份: 2002",306.8
528,553,安娜贝尔2：诞生 Annabelle: Creation,6.9,52200,"导演: 大卫·F·桑德伯格
主演: 斯黛芬妮·西格曼 / 特丽莎·贝特曼 / 露露·威尔逊
类型: 悬疑 / 惊悚 / 恐怖
制片国家/地区: 美国
年份: 2017",306.5
529,554,伴娘 Bridesmaids,6.9,62839,"导演: 保罗·费格
主演: 克里斯汀·韦格 / 玛娅·鲁道夫 / 罗丝·伯恩
类型: 喜剧
制片国家/地区: 美国
年份: 2011",3064
530,555,摩天营救 Skyscraper,6.3,168928,"导演: 罗森·马歇尔·瑟伯
主演: 道恩·强森 / 内芙·坎贝尔 / 黄经汉
类型: 动作 / 惊悚 / 冒险
制片国家/地区: 美国
年份: 2018",3048
531,556,虎胆龙威5 A Good Day to Die Hard,6.4,60066,"导演: 约翰·摩尔
主演: 布鲁斯·威利斯 / 杰·科特尼 / 塞巴斯蒂安·科赫
类型: 动作 / 惊悚 / 犯罪
制片国家/地区: 美国/英国/匈牙利
年份: 2013",304.7
532,557,花木兰 Mulan,8,243710,"导演: 巴里·库克 / 托尼·班克罗夫特
主演: 温明娜 / 艾迪·墨菲 / 黄荣亮
类型: 动画 / 冒险 / 剧情 / 家庭
制片国家/地区: 美国
年份: 1998",304.3
533,558,摔跤吧！爸爸 Dangal,9,1584287,"导演: 涅提·蒂瓦里
主演: 阿米尔·汗 / 法缇玛·萨那·纱卡 / 桑亚·玛荷塔
类型: 剧情 / 传记 / 运动 / 家庭
制片国家/地区: 印度
年份: 2016",3037
534,559,太空旅客 Passengers,6.9,210303,"导演: 莫滕·泰杜姆
主演: 詹妮弗·劳伦斯 / 克里斯·帕拉特 / 麦克·辛
类型: 冒险 / 科幻
制片国家/地区: 美国
年份: 2016",303.1
535,560,超级战舰 Battleship,6.7,132032,"导演: 彼得·博格
主演: 泰勒·克奇 / 浅野忠信 / 亚历山大·斯卡斯加德
类型: 动作 / 科幻 / 冒险 / 灾难
制片国家/地区: 美国/日本/中国香港
年份: 2012",303
536,561,大话王 Liar Liar,7.8,78864,"导演: 汤姆·沙迪亚克
主演: 金·凯瑞 / 毛拉·蒂尔内 / 贾斯汀·库珀
类型: 喜剧 / 奇幻
制片国家/地区: 美国
年份: 1997",302.7
537,562,特种部队：眼镜蛇的崛起 G.I. Joe: The Rise of Cobra,7.3,174871,"导演: 斯蒂芬·索莫斯
主演: 查宁·塔图姆 / 约瑟夫·高登-莱维特 / 雷·帕克
类型: 动作 / 科幻
制片国家/地区: 美国
年份: 2009",302.5
538,563,诸神之怒 Wrath of the Titans,6.1,59626,"导演: 乔纳森·里贝斯曼
主演: 萨姆·沃辛顿 / 连姆·尼森 / 拉尔夫·费因斯
类型: 动作 / 奇幻 / 冒险
制片国家/地区: 美国
年份: 2012",3019
539,564,神奇四侠2 Fantastic 4: Rise of the Silver Surfer,6.5,100218,"导演: 蒂姆·斯托瑞
主演: 艾恩·格拉法德 / 杰西卡·阿尔芭 / 克里斯·埃文斯
类型: 动作 / 科幻 / 冒险
制片国家/地区: 美国/德国/英国
年份: 2007",3019
540,565,铁钩船长 Hook,6.9,5274,"导演: 史蒂文·斯皮尔伯格
主演: 达斯汀·霍夫曼 / 罗宾·威廉姆斯 / 朱莉娅·罗伯茨
类型: 冒险 / 家庭 / 奇幻
制片国家/地区: 美国
年份: 1991",300.9
541,566,超人 Superman,7.7,27973,"导演: 理查德·唐纳
主演: 克里斯托弗·里夫 / 马龙·白兰度 / 吉恩·哈克曼
类型: 动作 / 科幻 / 冒险
制片国家/地区: 美国/英国/加拿大
年份: 1978",3004
542,567,洛奇4 Rocky IV,7.7,14328,"导演: 西尔维斯特·史泰龙
主演: 西尔维斯特·史泰龙 / 塔莉娅·夏尔 / 波特·杨
类型: 动作 / 剧情 / 运动
制片国家/地区: 美国
年份: 1985",3004
543,568,第一滴血2 Rambo: First Blood Part II,7.8,51274,"导演: 乔治·P·科斯马图斯
主演: 西尔维斯特·史泰龙 / 理查德·克里纳 / 史蒂文·伯克夫
类型: 动作 / 冒险 / 惊悚
制片国家/地区: 美国
年份: 1985",300.4
544,569,生化危机4：战神再生 Resident Evil: Afterlife,6.8,208510,"导演: 保罗·安德森
主演: 米拉·乔沃维奇 / 艾丽·拉特 / 温特沃斯·米勒
类型: 动作 / 科幻 / 恐怖
制片国家/地区: 德国/法国/美国/加拿大
年份: 2010",300.2
545,570,范海辛 Van Helsing,7.2,101095,"导演: 斯蒂芬·索莫斯
主演: 休·杰克曼 / 凯特·贝金赛尔 / 理查德·劳斯伯格
类型: 剧情 / 动作 / 奇幻
制片国家/地区: 美国/捷克/罗马尼亚
年份: 2004",300.1
546,571,精灵鼠小弟 Stuart Little,7.8,143691,"导演: 罗伯·明可夫
主演: 迈克尔·J·福克斯 / 吉娜·戴维斯 / 休·劳瑞
类型: 冒险 / 喜剧 / 家庭 / 奇幻
制片国家/地区: 美国/德国
年份: 1999",300.1